bank_id,date,amount,description,company,reference,ledger_id
B00422,2026-05-13,49346.97,PAYMENT NIGHTSHADE SECURITY REF INV-27771,Nightshade Security,INV-27771,BANK-0001
B00944,2026-05-31,1540.2,PARTIAL PMT IRONWOOD MATERIALS REF INV-32878,Ironwood Materials,INV-32878,BANK-0002
B01031,2026-07-30,1729.98,PAYMENT DRIFTWOOD CAFÉ GROUP REF IN,,,BANK-0003
B01041,2026-07-08,36034.38,PAYMENTM ERIDIAN SOFTWARE INC REF INV-82235,,,BANK-0004
B00023,2026-05-31,1003.4,PAYMENT UMBRA DIGITAL STUDIO REF INV-17592,Umbra Digital Studio,INV-17592,BANK-0005
B00574,2026-05-13,18550.24,PAYMENT NORTHFIELD PACKAGING REF INV-96832,Northfield Packaging,INV-96832,BANK-0006
B00381,2026-06-04,2213.29,PAYMENT KINGFISHER CABLE CO REF INV-74634,Kingfisher Cable Co,INV-74634,BANK-0007
B00604,2026-05-18,34630.55,PAYMENT HARBOR STATE INSURANCE REF INV-75382,Harbor State Insurance,INV-75382,BANK-0008
B00245,2026-06-29,33925.8,PAYMENT CEDAR & VINE SUPPLY CO REF INV-72722,Cedar & Vine Supply Co,INV-72722,BANK-0009
B00166,2026-05-13,70.41,PAYMENT IRONWOOD MATERIALS REF INV-40775,Ironwood Materials,INV-40775,BANK-0010
B00693,2026-06-06,46884.13,PAYMENT FOXGLOVE DESIGN CO REF INV-35525,Foxglove Design Co,INV-35525,BANK-0011
B00070,2026-05-22,48192.44,PAYMENT NORTHFIELD PACKAGING REF INV-96356,Northfield Packaging,INV-96356,BANK-0012
B00069,2026-06-26,3229.98,PAYMENT EMBERLINE FOODS REF INV-98555,Emberline Foods,INV-98555,BANK-0013
B00527,2026-07-12,285.15,PAYMENT ORCHARD GROVE BAKERY REF INV-87061,Orchard Grove Bakery,INV-87061,BANK-0014
B00510,2026-05-04,45195.18,PAYMENT FENWICK OFFICE SOLUTIONS REF INV-66534,Fenwick Office Solutions,INV-66534,BANK-0015
B00132,2026-05-21,40969.12,PAYMENT HARBOR STATE INSURANCE REF INV-50730,Harbor State Insurance,INV-50730,BANK-0016
B00567,2026-06-28,793.79,PAYMENT ORCHARD GROVE BAKERY REF INV-78195,Orchard Grove Bakery,INV-78195,BANK-0017
B00691,2026-07-18,3240.63,PAYMENT OAKSTONE REALTY HOLDINGS REF INV-96006,Oakstone Realty Holdings,INV-96006,BANK-0018
B00164,2026-07-18,3287.96,PAYMENT OAKSTONE REALTY HOLDINGS REF INV-39015,Oakstone Realty Holdings,INV-39015,BANK-0019
B00390,2026-07-26,4240.77,PAYMENT FOXGLOVE DESIGN CO REF INV-75444,Foxglove Design Co,INV-75444,BANK-0020
B00740,2026-06-29,1178.08,PAYMENT AURORA TEXTILES LTD REF INV-75325,Aurora Textiles Ltd,INV-75325,BANK-0021
B00705,2026-06-03,47620.31,PAYMENT NORTHFIELD PACKAGING REF INV-36170,Northfield Packaging,INV-36170,BANK-0022
B00198,2026-07-16,3502.1,PAYMENT ORCHARD GROVE BAKERY REF INV-17180,Orchard Grove Bakery,INV-17180,BANK-0023
B01069,2026-06-15,22000.9,REFUND - UNSPECIFIED,Cobalt Freight Lines,,BANK-0024
B00459,2026-06-30,51.16,PAYMENT JASPER METALS CORP REF INV-57707,Jasper Metals Corp,INV-57707,BANK-0025
B00320,2026-05-20,1493.82,PAYMENT SOLACE HEALTH SYSTEMS REF INV-69634,Solace Health Systems,INV-69634,BANK-0026
B00237,2026-07-17,11728.38,PAYMENT FENWICK OFFICE SOLUTIONS REF INV-79176,Fenwick Office Solutions,INV-79176,BANK-0027
B00340,2026-05-23,31625.02,PAYMENT TRAILMARK EQUIPMENT RENTAL REF INV-92050,Trailmark Equipment Rental,INV-92050,BANK-0028
B00123,2026-06-11,45024.03,PAYMENT IVY & OAK PRINT SHOP REF INV-89129,Ivy & Oak Print Shop,INV-89129,BANK-0029
B00815,2026-07-05,8824.12,WIRE RECEIVED HARBOR STATE INSURANCE REF INV-90225,Harbor State Insurance,INV-90225,BANK-0030
B00031,2026-05-13,159.35,PAYMENT HOLLOW CREEK FARMS REF INV-96374,Hollow Creek Farms,INV-96374,BANK-0031
B00616,2026-07-11,32724.9,PAYMENT CEDAR & VINE SUPPLY CO REF INV-39400,Cedar & Vine Supply Co,INV-39400,BANK-0032
B00955,2026-06-11,47.3,PARTIAL PMT DRIFTWOOD CAFÉ GROUP REF INV-39855,Driftwood Café Group,INV-39855,BANK-0033
B00287,2026-07-11,935.07,PAYMENT HARBOR STATE INSURANCE REF INV-57920,Harbor State Insurance,INV-57920,BANK-0034
B00343,2026-06-29,158.44,PAYMENT HOLLOW CREEK FARMS REF INV-17552,Hollow Creek Farms,INV-17552,BANK-0035
B00722,2026-07-28,3382.61,PAYMENT JUNCTION ANALYTICS REF INV-19351,Junction Analytics,INV-19351,BANK-0036
B00101,2026-06-13,1318.28,PAYMENT IVY & OAK PRINT SHOP REF INV-46655,Ivy & Oak Print Shop,INV-46655,BANK-0037
B00477,2026-05-04,281.06,PAYMENT COBALT FREIGHT LINES REF INV-63004,Cobalt Freight Lines,INV-63004,BANK-0038
B00397,2026-07-28,39755.4,PAYMENT OAKSTONE REALTY HOLDINGS REF INV-75597,Oakstone Realty Holdings,INV-75597,BANK-0039
B00418,2026-05-16,2068.6,PAYMENT CEDAR & VINE SUPPLY CO REF INV-41056,Cedar & Vine Supply Co,INV-41056,BANK-0040
B00334,2026-07-24,134.82,PAYMENT RIVERBEND HARDWARE REF INV-64950,Riverbend Hardware,INV-64950,BANK-0041
B00917,2026-06-08,6812.37,PARTIAL PMT HARBOR STATE INSURANCE REF INV-62509,Harbor State Insurance,INV-62509,BANK-0042
B00141,2026-06-12,27603.1,PAYMENT JUNCTION ANALYTICS REF INV-23154,Junction Analytics,INV-23154,BANK-0043
B00683,2026-06-22,2187.63,PAYMENT HARBOR STATE INSURANCE REF INV-57483,Harbor State Insurance,INV-57483,BANK-0044
B00356,2026-07-07,462.6,PAYMENT LUMEN ENERGY SERVICES REF INV-14433,Lumen Energy Services,INV-14433,BANK-0045
B00003,2026-06-23,34244.8,PAYMENT PRAIRIE WIND ENERGY REF INV-38893,Prairie Wind Energy,INV-38893,BANK-0046
B00956,2026-06-14,92.14,PARTIAL PMT DRIFTWOOD CAFÉ GROUP REF INV-39855,Driftwood Café Group,INV-39855,BANK-0047
B00234,2026-05-04,218.28,PAYMENT JASPER METALS CORP REF INV-51770,Jasper Metals Corp,INV-51770,BANK-0048
B00620,2026-05-25,32152.41,PAYMENT YELLOWBRICK MEDIA REF INV-48558,Yellowbrick Media,INV-48558,BANK-0049
B00369,2026-06-20,11488.62,PAYMENT UMBRA DIGITAL STUDIO REF INV-20084,Umbra Digital Studio,INV-20084,BANK-0050
B00550,2026-06-21,7554.86,PAYMENT JUNCTION ANALYTICS REF INV-96577,Junction Analytics,INV-96577,BANK-0051
B00471,2026-05-31,316.35,PAYMENT EVERLINE MANUFACTURING REF INV-48230,Everline Manufacturing,INV-48230,BANK-0052
B00416,2026-07-09,1013.93,PAYMENT JASPER METALS CORP REF INV-15453,Jasper Metals Corp,INV-15453,BANK-0053
B00389,2026-06-29,6211.22,PAYMENT LAKESIDE PROPERTY MGMT REF INV-37479,Lakeside Property Mgmt,INV-37479,BANK-0054
B00353,2026-06-01,15350.84,PAYMENT DRIFTWOOD CAFÉ GROUP REF INV-75444,Driftwood Café Group,INV-75444,BANK-0055
B00374,2026-07-14,24433.16,PAYMENT OAKSTONE REALTY HOLDINGS REF INV-96595,Oakstone Realty Holdings,INV-96595,BANK-0056
B00312,2026-06-29,11039.0,PAYMENT LAKESIDE PROPERTY MGMT REF INV-45761,Lakeside Property Mgmt,INV-45761,BANK-0057
B00170,2026-06-17,9470.96,PAYMENT FOXGLOVE DESIGN CO REF INV-81364,Foxglove Design Co,INV-81364,BANK-0058
B00549,2026-06-08,36999.22,PAYMENT UMBRA DIGITAL STUDIO REF INV-34688,Umbra Digital Studio,INV-34688,BANK-0059
B00711,2026-07-17,537.88,PAYMENT GLACIER POINT BANK REF INV-52655,Glacier Point Bank,INV-52655,BANK-0060
B00233,2026-05-07,4480.83,PAYMENT OAKSTONE REALTY HOLDINGS REF INV-61964,Oakstone Realty Holdings,INV-61964,BANK-0061
B01011,2026-06-08,2885.75,PAYMENT ORCHARD GROVE BAKERY REF INV-84350,Orchard Grove Bakery,INV-84350,BANK-0062
B00783,2026-07-25,19433.23,PAYMENT DRIFTWOOD CAFÉ GROUP REF INV-49953,Driftwood Café Group,INV-49953,BANK-0063
B00629,2026-06-01,32616.55,PAYMENT WESTGATE FACILITIES MGMT REF INV-15226,Westgate Facilities Mgmt,INV-15226,BANK-0064
B00410,2026-07-28,26900.16,PAYMENT IRONWOOD MATERIALS REF INV-94575,Ironwood Materials,INV-94575,BANK-0065
B00065,2026-07-19,814.88,PAYMENT MERIDIAN SOFTWARE INC REF INV-51145,Meridian Software Inc,INV-51145,BANK-0066
B00018,2026-05-15,47409.39,PAYMENT KINGFISHER CABLE CO REF INV-99353,Kingfisher Cable Co,INV-99353,BANK-0067
B00420,2026-05-08,124.69,PAYMENT EMBERLINE FOODS REF INV-84720,Emberline Foods,INV-84720,BANK-0068
B00518,2026-05-08,42668.54,PAYMENT QUORUM LEGAL ADVISORS REF INV-29808,Quorum Legal Advisors,INV-29808,BANK-0069
B00778,2026-07-26,3531.36,PAYMENT OAKSTONE REALTY HOLDINGS REF INV-21807,Oakstone Realty Holdings,INV-21807,BANK-0070
B00498,2026-07-21,1114.03,PAYMENT VANTERRA CHEMICALS REF INV-73858,Vanterra Chemicals,INV-73858,BANK-0071
B00058,2026-05-29,986.43,PAYMENT KESTREL MARKETING GROUP REF INV-36158,Kestrel Marketing Group,INV-36158,BANK-0072
B00999,2026-07-28,21566.56,PAYMENT LAKESIDE PROPERTY MGMT REF INV-18601,Lakeside Property Mgmt,INV-18601,BANK-0073
B00105,2026-07-10,24147.67,PAYMENT YELLOWBRICK MEDIA REF INV-53357,Yellowbrick Media,INV-53357,BANK-0074
B00449,2026-07-08,23102.48,PAYMENT JASPER METALS CORP REF INV-80471,Jasper Metals Corp,INV-80471,BANK-0075
B00522,2026-05-19,35489.07,PAYMENT NIGHTSHADE SECURITY REF INV-25765,Nightshade Security,INV-25765,BANK-0076
B00607,2026-07-17,1948.3,PAYMENT PRAIRIE WIND ENERGY REF INV-42537,Prairie Wind Energy,INV-42537,BANK-0077
B00983,2026-07-07,818.14,PAYMENT AURORA TEXTILES LTD REF INV-14287,Aurora Textiles Ltd,INV-14287,BANK-0078
B00798,2026-05-18,31117.98,WIRE RECEIVED LAKESIDE PROPERTY MGMT REF INV-50501,Lakeside Property Mgmt,INV-50501,BANK-0079
B00876,2026-06-15,26102.52,WIRE RECEIVED AURORA TEXTILES LTD REF INV-48616,Aurora Textiles Ltd,INV-48616,BANK-0080
B00890,2026-06-27,1237.37,PARTIAL PMT HOLLOW CREEK FARMS REF INV-60070,Hollow Creek Farms,INV-60070,BANK-0081
B00001,2026-05-14,15044.48,PAYMENT HARBOR STATE INSURANCE REF INV-98696,Harbor State Insurance,INV-98696,BANK-0082
B00094,2026-07-29,84.2,PAYMENT MERIDIAN SOFTWARE INC REF INV-49529,Meridian Software Inc,INV-49529,BANK-0083
B01036,2026-05-21,3798.31,PAYMENT HARBOR STATE INSURANCE REF IN,,,BANK-0084
B00725,2026-07-30,125.29,PAYMENT DRIFTWOOD CAFÉ GROUP REF INV-20494,Driftwood Café Group,INV-20494,BANK-0085
B01010,2026-06-11,20425.66,PAYMENT KINGFISHER CABLE CO REF INV-73720 (DUP),Kingfisher Cable Co,INV-73720,BANK-0086
B00696,2026-07-30,351.35,PAYMENT WESTGATE FACILITIES MGMT REF INV-18993,Westgate Facilities Mgmt,INV-18993,BANK-0087
B00007,2026-07-19,29841.83,PAYMENT HARBOR STATE INSURANCE REF INV-57400,Harbor State Insurance,INV-57400,BANK-0088
B00326,2026-07-26,2555.59,PAYMENT IRONWOOD MATERIALS REF INV-50392,Ironwood Materials,INV-50392,BANK-0089
B00257,2026-06-17,1190.47,PAYMENT NIGHTSHADE SECURITY REF INV-68188,Nightshade Security,INV-68188,BANK-0090
B00861,2026-05-19,44898.05,WIRE RECEIVED DELTA FREIGHT PARTNERS REF INV-96623,Delta Freight Partners,INV-96623,BANK-0091
B00935,2026-05-28,1922.44,PARTIAL PMT UMBRA DIGITAL STUDIO REF INV-15975,Umbra Digital Studio,INV-15975,BANK-0092
B00915,2026-07-09,74.19,PARTIAL PMT HOLLOW CREEK FARMS REF INV-39602,Hollow Creek Farms,INV-39602,BANK-0093
B00339,2026-05-29,49356.3,PAYMENT UMBRA DIGITAL STUDIO REF INV-64206,Umbra Digital Studio,INV-64206,BANK-0094
B00143,2026-07-28,16926.03,PAYMENT JUNCTION ANALYTICS REF INV-62098,Junction Analytics,INV-62098,BANK-0095
B00039,2026-07-09,7631.75,PAYMENT JUNCTION ANALYTICS REF INV-17989,Junction Analytics,INV-17989,BANK-0096
B00414,2026-05-05,638.87,PAYMENT KESTREL MARKETING GROUP REF INV-46025,Kestrel Marketing Group,INV-46025,BANK-0097
B00040,2026-05-21,27628.27,PAYMENT UMBRA DIGITAL STUDIO REF INV-17455,Umbra Digital Studio,INV-17455,BANK-0098
B00495,2026-06-13,50.31,PAYMENT HOLLOW CREEK FARMS REF INV-33260,Hollow Creek Farms,INV-33260,BANK-0099
B01040,2026-05-14,217.86,PAYMENT SOLACE HEALTH SYSTEMS REF INV-3,,,BANK-0100
B00739,2026-06-08,599.59,PAYMENT DELTA FREIGHT PARTNERS REF INV-67464,Delta Freight Partners,INV-67464,BANK-0101
B00195,2026-05-07,12083.45,PAYMENT PRAIRIE WIND ENERGY REF INV-98338,Prairie Wind Energy,INV-98338,BANK-0102
B00211,2026-06-17,278.3,PAYMENT WESTGATE FACILITIES MGMT REF INV-47627,Westgate Facilities Mgmt,INV-47627,BANK-0103
B00157,2026-06-26,4565.32,PAYMENT IRONWOOD MATERIALS REF INV-14373,Ironwood Materials,INV-14373,BANK-0104
B00074,2026-06-24,229.84,PAYMENT IVY & OAK PRINT SHOP REF INV-38683,Ivy & Oak Print Shop,INV-38683,BANK-0105
B00528,2026-05-13,46621.77,PAYMENT ORCHARD GROVE BAKERY REF INV-47498,Orchard Grove Bakery,INV-47498,BANK-0106
B00112,2026-06-21,163.62,PAYMENT DELTA FREIGHT PARTNERS REF INV-74454,Delta Freight Partners,INV-74454,BANK-0107
B00556,2026-06-12,1504.98,PAYMENT FENWICK OFFICE SOLUTIONS REF INV-58717,Fenwick Office Solutions,INV-58717,BANK-0108
B00610,2026-07-27,1404.0,PAYMENT MARROW FITNESS STUDIOS REF INV-55258,Marrow Fitness Studios,INV-55258,BANK-0109
B00110,2026-07-21,488.43,PAYMENT CEDAR & VINE SUPPLY CO REF INV-74340,Cedar & Vine Supply Co,INV-74340,BANK-0110
B00203,2026-07-19,180.28,PAYMENT DRIFTWOOD CAFÉ GROUP REF INV-70305,Driftwood Café Group,INV-70305,BANK-0111
B00180,2026-06-11,270.62,PAYMENT GRANITE POINT CONSULTING REF INV-89730,Granite Point Consulting,INV-89730,BANK-0112
B00048,2026-05-18,350.54,PAYMENT AURORA TEXTILES LTD REF INV-44664,Aurora Textiles Ltd,INV-44664,BANK-0113
B00072,2026-06-30,151.09,PAYMENT TRAILMARK EQUIPMENT RENTAL REF INV-90120,Trailmark Equipment Rental,INV-90120,BANK-0114
B00154,2026-07-27,17351.62,PAYMENT BLUEPEAK LOGISTICS REF INV-16428,Bluepeak Logistics,INV-16428,BANK-0115
B00515,2026-06-30,93.64,PAYMENT MERIDIAN SOFTWARE INC REF INV-25139,Meridian Software Inc,INV-25139,BANK-0116
B00407,2026-07-19,3141.52,PAYMENT ZENITH INDUSTRIAL SUPPLY REF INV-32613,Zenith Industrial Supply,INV-32613,BANK-0117
B00181,2026-06-11,33488.45,PAYMENT JUNCTION ANALYTICS REF INV-59925,Junction Analytics,INV-59925,BANK-0118
B00385,2026-05-18,43677.88,PAYMENT FOXGLOVE DESIGN CO REF INV-49378,Foxglove Design Co,INV-49378,BANK-0119
B00028,2026-07-15,151.11,PAYMENT PINEHILL DISTRIBUTORS REF INV-38864,Pinehill Distributors,INV-38864,BANK-0120
B00244,2026-06-12,9664.87,PAYMENT WESTGATE FACILITIES MGMT REF INV-27486,Westgate Facilities Mgmt,INV-27486,BANK-0121
B01019,2026-05-17,49719.79,PAYMENT JUNCTION ANALYTICS REF INV-67788,Junction Analytics,INV-67788,BANK-0122
B01049,2026-05-13,483.92,PAYMENT MERIDIAN SOFTWARE INC ERF INV-38051,,,BANK-0123
B01000,2026-07-28,21566.56,PAYMENT LAKESIDE PROPERTY MGMT REF INV-18601 (DUP),Lakeside Property Mgmt,INV-18601,BANK-0124
B00066,2026-06-11,1851.45,PAYMENT HARBOR STATE INSURANCE REF INV-62743,Harbor State Insurance,INV-62743,BANK-0125
B00587,2026-05-17,6296.73,PAYMENT REDSTONE CONTRACTING REF INV-73318,Redstone Contracting,INV-73318,BANK-0126
B00720,2026-06-13,139.53,PAYMENT PRAIRIE WIND ENERGY REF INV-52610,Prairie Wind Energy,INV-52610,BANK-0127
B00274,2026-06-07,45004.86,PAYMENT DRIFTWOOD CAFÉ GROUP REF INV-94136,Driftwood Café Group,INV-94136,BANK-0128
B00118,2026-06-06,252.73,PAYMENT DRIFTWOOD CAFÉ GROUP REF INV-47056,Driftwood Café Group,INV-47056,BANK-0129
B00591,2026-07-18,22319.45,PAYMENT HOLLOW CREEK FARMS REF INV-17152,Hollow Creek Farms,INV-17152,BANK-0130
B00576,2026-05-26,27398.26,PAYMENT HARBOR STATE INSURANCE REF INV-44471,Harbor State Insurance,INV-44471,BANK-0131
B01022,2026-05-19,1046.71,PAYM KEST MARK GROU REF INV-,,,BANK-0132
B01006,2026-06-30,181.93,PAYMENT BLUEPEAK LOGISTICS REF INV-55442 (DUP),Bluepeak Logistics,INV-55442,BANK-0133
B00594,2026-06-27,25659.26,PAYMENT ZENITH INDUSTRIAL SUPPLY REF INV-21536,Zenith Industrial Supply,INV-21536,BANK-0134
B00869,2026-06-23,322.88,WIRE RECEIVED IVY & OAK PRINT SHOP REF INV-69772,Ivy & Oak Print Shop,INV-69772,BANK-0135
B00294,2026-06-18,33306.14,PAYMENT DELTA FREIGHT PARTNERS REF INV-29369,Delta Freight Partners,INV-29369,BANK-0136
B00790,2026-07-30,3446.41,PAYMENT RIVERBEND HARDWARE REF INV-96898,Riverbend Hardware,INV-96898,BANK-0137
B00399,2026-07-01,40292.15,PAYMENT JUNCTION ANALYTICS REF INV-55652,Junction Analytics,INV-55652,BANK-0138
B00128,2026-05-05,41610.47,PAYMENT IVY & OAK PRINT SHOP REF INV-69614,Ivy & Oak Print Shop,INV-69614,BANK-0139
B00400,2026-06-08,93.93,PAYMENT HOLLOW CREEK FARMS REF INV-15856,Hollow Creek Farms,INV-15856,BANK-0140
B00102,2026-05-11,365.53,PAYMENT PRAIRIE WIND ENERGY REF INV-41635,Prairie Wind Energy,INV-41635,BANK-0141
B00486,2026-07-09,28661.63,PAYMENT DRIFTWOOD CAFÉ GROUP REF INV-12559,Driftwood Café Group,INV-12559,BANK-0142
B00239,2026-07-08,45731.61,PAYMENT REDSTONE CONTRACTING REF INV-12154,Redstone Contracting,INV-12154,BANK-0143
B00614,2026-06-04,61.37,PAYMENT GRANITE POINT CONSULTING REF INV-31094,Granite Point Consulting,INV-31094,BANK-0144
B00804,2026-07-02,400.64,WIRE RECEIVED JASPER METALS CORP REF INV-72108,Jasper Metals Corp,INV-72108,BANK-0145
B00020,2026-05-23,37385.63,PAYMENT GLACIER POINT BANK REF INV-76542,Glacier Point Bank,INV-76542,BANK-0146
B01038,2026-07-16,281.24,PAYMENT EVERLINE MANFUACTURING REF INV-31906,,INV-31906,BANK-0147
B00355,2026-07-09,12616.96,PAYMENT GLACIER POINT BANK REF INV-74004,Glacier Point Bank,INV-74004,BANK-0148
B00961,2026-06-28,768.43,PAYMENT CEDAR & VINE SUPPLY CO REF INV-64817,Cedar & Vine Supply Co,INV-64817,BANK-0149
B00034,2026-06-01,1130.82,PAYMENT MERIDIAN SOFTWARE INC REF INV-19880,Meridian Software Inc,INV-19880,BANK-0150
B00631,2026-06-27,21873.11,PAYMENT BLUEPEAK LOGISTICS REF INV-73806,Bluepeak Logistics,INV-73806,BANK-0151
B00197,2026-07-26,1012.18,PAYMENT NORTHFIELD PACKAGING REF INV-98930,Northfield Packaging,INV-98930,BANK-0152
B00329,2026-07-22,39462.25,PAYMENT SOLACE HEALTH SYSTEMS REF INV-65097,Solace Health Systems,INV-65097,BANK-0153
B00021,2026-05-26,33752.73,PAYMENT GRANITE POINT CONSULTING REF INV-30032,Granite Point Consulting,INV-30032,BANK-0154
B00545,2026-06-05,48516.1,PAYMENT PRAIRIE WIND ENERGY REF INV-65549,Prairie Wind Energy,INV-65549,BANK-0155
B00622,2026-07-14,68.29,PAYMENT ZENITH INDUSTRIAL SUPPLY REF INV-43425,Zenith Industrial Supply,INV-43425,BANK-0156
B00038,2026-07-24,49794.02,PAYMENT SOLACE HEALTH SYSTEMS REF INV-73788,Solace Health Systems,INV-73788,BANK-0157
B00402,2026-05-30,1989.45,PAYMENT LUMEN ENERGY SERVICES REF INV-63090,Lumen Energy Services,INV-63090,BANK-0158
B00772,2026-06-19,3072.25,PAYMENT MARROW FITNESS STUDIOS REF INV-28141,Marrow Fitness Studios,INV-28141,BANK-0159
B00601,2026-06-22,41982.74,PAYMENT CEDAR & VINE SUPPLY CO REF INV-24019,Cedar & Vine Supply Co,INV-24019,BANK-0160
B00641,2026-06-07,22594.67,PAYMENT KESTREL MARKETING GROUP REF INV-93105,Kestrel Marketing Group,INV-93105,BANK-0161
B00388,2026-05-26,10124.95,PAYMENT RIVERBEND HARDWARE REF INV-87624,Riverbend Hardware,INV-87624,BANK-0162
B00362,2026-06-04,1363.69,PAYMENT KINGFISHER CABLE CO REF INV-62022,Kingfisher Cable Co,INV-62022,BANK-0163
B00557,2026-07-21,313.51,PAYMENT QUORUM LEGAL ADVISORS REF INV-86490,Quorum Legal Advisors,INV-86490,BANK-0164
B00468,2026-05-19,288.42,PAYMENT NORTHFIELD PACKAGING REF INV-46677,Northfield Packaging,INV-46677,BANK-0165
B00064,2026-07-27,46650.88,PAYMENT CEDAR & VINE SUPPLY CO REF INV-97900,Cedar & Vine Supply Co,INV-97900,BANK-0166
B00770,2026-05-07,3180.93,PAYMENT CEDAR & VINE SUPPLY CO REF INV-39083,Cedar & Vine Supply Co,INV-39083,BANK-0167
B00562,2026-07-13,52.12,PAYMENT DELTA FREIGHT PARTNERS REF INV-30766,Delta Freight Partners,INV-30766,BANK-0168
B00277,2026-06-21,1936.92,PAYMENT UMBRA DIGITAL STUDIO REF INV-27139,Umbra Digital Studio,INV-27139,BANK-0169
B00304,2026-06-04,46986.08,PAYMENT NORTHFIELD PACKAGING REF INV-27992,Northfield Packaging,INV-27992,BANK-0170
B00543,2026-07-27,354.96,PAYMENT OAKSTONE REALTY HOLDINGS REF INV-11166,Oakstone Realty Holdings,INV-11166,BANK-0171
B00582,2026-05-02,241.7,PAYMENT UMBRA DIGITAL STUDIO REF INV-28139,Umbra Digital Studio,INV-28139,BANK-0172
B00773,2026-05-20,3119.7,PAYMENT QUORUM LEGAL ADVISORS REF INV-84588,Quorum Legal Advisors,INV-84588,BANK-0173
B00426,2026-06-28,3874.11,PAYMENT FENWICK OFFICE SOLUTIONS REF INV-73968,Fenwick Office Solutions,INV-73968,BANK-0174
B00578,2026-05-01,459.66,PAYMENT IVY & OAK PRINT SHOP REF INV-11671,Ivy & Oak Print Shop,INV-11671,BANK-0175
B00584,2026-06-19,2303.5,PAYMENT VANTERRA CHEMICALS REF INV-72684,Vanterra Chemicals,INV-72684,BANK-0176
B00467,2026-06-09,43205.27,PAYMENT VANTERRA CHEMICALS REF INV-23624,Vanterra Chemicals,INV-23624,BANK-0177
B00494,2026-05-03,270.7,PAYMENT LUMEN ENERGY SERVICES REF INV-79002,Lumen Energy Services,INV-79002,BANK-0178
B00386,2026-06-20,321.45,PAYMENT UMBRA DIGITAL STUDIO REF INV-51830,Umbra Digital Studio,INV-51830,BANK-0179
B00452,2026-06-01,364.4,PAYMENT TRAILMARK EQUIPMENT RENTAL REF INV-21300,Trailmark Equipment Rental,INV-21300,BANK-0180
B00721,2026-07-24,3814.37,PAYMENT JASPER METALS CORP REF INV-70784,Jasper Metals Corp,INV-70784,BANK-0181
B00874,2026-07-24,4481.81,WIRE RECEIVED KINGFISHER CABLE CO REF INV-97650,Kingfisher Cable Co,INV-97650,BANK-0182
B00640,2026-05-04,22163.61,PAYMENT FENWICK OFFICE SOLUTIONS REF INV-72126,Fenwick Office Solutions,INV-72126,BANK-0183
B00002,2026-05-30,89.12,PAYMENT LAKESIDE PROPERTY MGMT REF INV-76237,Lakeside Property Mgmt,INV-76237,BANK-0184
B00302,2026-06-07,220.86,PAYMENT LAKESIDE PROPERTY MGMT REF INV-15513,Lakeside Property Mgmt,INV-15513,BANK-0185
B00077,2026-06-27,27715.02,PAYMENT FOXGLOVE DESIGN CO REF INV-30861,Foxglove Design Co,INV-30861,BANK-0186
B00697,2026-06-14,30160.12,PAYMENT FENWICK OFFICE SOLUTIONS REF INV-55544,Fenwick Office Solutions,INV-55544,BANK-0187
B00456,2026-07-13,2431.96,PAYMENT BLUEPEAK LOGISTICS REF INV-92251,Bluepeak Logistics,INV-92251,BANK-0188
B00401,2026-06-01,60.16,PAYMENT HARBOR STATE INSURANCE REF INV-77632,Harbor State Insurance,INV-77632,BANK-0189
B00013,2026-06-10,47430.94,PAYMENT COBALT FREIGHT LINES REF INV-37869,Cobalt Freight Lines,INV-37869,BANK-0190
B00742,2026-06-20,1317.22,PAYMENT EVERLINE MANUFACTURING REF INV-25985,Everline Manufacturing,INV-25985,BANK-0191
B00091,2026-05-28,35125.65,PAYMENT REDSTONE CONTRACTING REF INV-70952,Redstone Contracting,INV-70952,BANK-0192
B00396,2026-07-14,38608.39,PAYMENT AURORA TEXTILES LTD REF INV-85397,Aurora Textiles Ltd,INV-85397,BANK-0193
B00558,2026-05-16,45024.17,PAYMENT ORCHARD GROVE BAKERY REF INV-99220,Orchard Grove Bakery,INV-99220,BANK-0194
B00891,2026-07-18,2167.04,PARTIAL PMT GRANITE POINT CONSULTING REF INV-95467,Granite Point Consulting,INV-95467,BANK-0195
B00885,2026-05-07,508.32,PARTIAL PMT FOXGLOVE DESIGN CO REF INV-94182,Foxglove Design Co,INV-94182,BANK-0196
B00282,2026-06-06,485.01,PAYMENT GLACIER POINT BANK REF INV-74866,Glacier Point Bank,INV-74866,BANK-0197
B00709,2026-07-15,176.12,PAYMENT JASPER METALS CORP REF INV-72694,Jasper Metals Corp,INV-72694,BANK-0198
B00922,2026-07-23,175.54,PARTIAL PMT ZENITH INDUSTRIAL SUPPLY REF INV-57089,Zenith Industrial Supply,INV-57089,BANK-0199
B00130,2026-07-03,28329.77,PAYMENT LAKESIDE PROPERTY MGMT REF INV-91973,Lakeside Property Mgmt,INV-91973,BANK-0200
B00535,2026-07-06,4610.45,PAYMENT MERIDIAN SOFTWARE INC REF INV-59009,Meridian Software Inc,INV-59009,BANK-0201
B00229,2026-07-04,2577.56,PAYMENT NIGHTSHADE SECURITY REF INV-79135,Nightshade Security,INV-79135,BANK-0202
B00285,2026-05-10,3028.18,PAYMENT COBALT FREIGHT LINES REF INV-60639,Cobalt Freight Lines,INV-60639,BANK-0203
B00493,2026-07-09,3033.99,PAYMENT NIGHTSHADE SECURITY REF INV-50508,Nightshade Security,INV-50508,BANK-0204
B00406,2026-06-10,28747.18,PAYMENT HARBOR STATE INSURANCE REF INV-88246,Harbor State Insurance,INV-88246,BANK-0205
B00757,2026-05-23,325.87,PAYMENT JUNCTION ANALYTICS REF INV-96362,Junction Analytics,INV-96362,BANK-0206
B00278,2026-06-04,281.74,PAYMENT YELLOWBRICK MEDIA REF INV-68929,Yellowbrick Media,INV-68929,BANK-0207
B00596,2026-07-17,235.55,PAYMENT COBALT FREIGHT LINES REF INV-91142,Cobalt Freight Lines,INV-91142,BANK-0208
B00856,2026-05-21,23594.85,WIRE RECEIVED TRAILMARK EQUIPMENT RENTAL REF INV-73225,Trailmark Equipment Rental,INV-73225,BANK-0209
B00008,2026-05-11,813.0,PAYMENT NIGHTSHADE SECURITY REF INV-40512,Nightshade Security,INV-40512,BANK-0210
B00279,2026-06-23,47542.32,PAYMENT PINEHILL DISTRIBUTORS REF INV-42541,Pinehill Distributors,INV-42541,BANK-0211
B01068,2026-07-04,358.42,MISC CREDIT MARROW FITNESS STUDIOS,Marrow Fitness Studios,,BANK-0212
B00163,2026-06-17,31305.2,PAYMENT YELLOWBRICK MEDIA REF INV-24201,Yellowbrick Media,INV-24201,BANK-0213
B00713,2026-06-24,14473.96,PAYMENT VANTERRA CHEMICALS REF INV-62506,Vanterra Chemicals,INV-62506,BANK-0214
B00636,2026-05-30,30113.79,PAYMENT EVERLINE MANUFACTURING REF INV-43901,Everline Manufacturing,INV-43901,BANK-0215
B00820,2026-07-10,244.1,WIRE RECEIVED HOLLOW CREEK FARMS REF INV-46452,Hollow Creek Farms,INV-46452,BANK-0216
B00080,2026-07-30,86.26,PAYMENT LAKESIDE PROPERTY MGMT REF INV-38043,Lakeside Property Mgmt,INV-38043,BANK-0217
B00142,2026-06-22,94.87,PAYMENT FOXGLOVE DESIGN CO REF INV-95823,Foxglove Design Co,INV-95823,BANK-0218
B00603,2026-07-26,23651.17,PAYMENT MERIDIAN SOFTWARE INC REF INV-87176,Meridian Software Inc,INV-87176,BANK-0219
B00344,2026-06-01,2374.29,PAYMENT MARROW FITNESS STUDIOS REF INV-43422,Marrow Fitness Studios,INV-43422,BANK-0220
B00814,2026-05-16,136.83,WIRE RECEIVED FENWICK OFFICE SOLUTIONS REF INV-21952,Fenwick Office Solutions,INV-21952,BANK-0221
B00637,2026-06-19,224.61,PAYMENT DRIFTWOOD CAFÉ GROUP REF INV-98250,Driftwood Café Group,INV-98250,BANK-0222
B00763,2026-05-16,14715.5,PAYMENT EVERLINE MANUFACTURING REF INV-40279,Everline Manufacturing,INV-40279,BANK-0223
B00559,2026-05-18,288.43,PAYMENT ZENITH INDUSTRIAL SUPPLY REF INV-36253,Zenith Industrial Supply,INV-36253,BANK-0224
B00357,2026-05-18,3506.97,PAYMENT EVERLINE MANUFACTURING REF INV-92667,Everline Manufacturing,INV-92667,BANK-0225
B00791,2026-06-18,44018.71,WIRE RECEIVED YELLOWBRICK MEDIA REF INV-76655,Yellowbrick Media,INV-76655,BANK-0226
B00586,2026-06-26,41101.92,PAYMENT GRANITE POINT CONSULTING REF INV-33758,Granite Point Consulting,INV-33758,BANK-0227
B00825,2026-05-09,4509.05,WIRE RECEIVED TRAILMARK EQUIPMENT RENTAL REF INV-48382,Trailmark Equipment Rental,INV-48382,BANK-0228
B00283,2026-05-02,26176.41,PAYMENT PRAIRIE WIND ENERGY REF INV-24089,Prairie Wind Energy,INV-24089,BANK-0229
B00100,2026-06-13,2591.19,PAYMENT FOXGLOVE DESIGN CO REF INV-13761,Foxglove Design Co,INV-13761,BANK-0230
B00743,2026-06-04,223.16,PAYMENT PINEHILL DISTRIBUTORS REF INV-22315,Pinehill Distributors,INV-22315,BANK-0231
B00430,2026-06-28,7067.43,PAYMENT VANTERRA CHEMICALS REF INV-12134,Vanterra Chemicals,INV-12134,BANK-0232
B01039,2026-07-14,21313.52,PAYMENT TRAILMARK EQUIPMENT RENTAL REF I,,,BANK-0233
B00954,2026-05-12,53.14,PARTIAL PMT LAKESIDE PROPERTY MGMT REF INV-40841,Lakeside Property Mgmt,INV-40841,BANK-0234
B00706,2026-06-08,380.94,PAYMENT PINEHILL DISTRIBUTORS REF INV-30446,Pinehill Distributors,INV-30446,BANK-0235
B00226,2026-06-16,1244.93,PAYMENT REDSTONE CONTRACTING REF INV-98652,Redstone Contracting,INV-98652,BANK-0236
B00315,2026-05-13,8903.2,PAYMENT COBALT FREIGHT LINES REF INV-34219,Cobalt Freight Lines,INV-34219,BANK-0237
B00199,2026-06-07,4753.96,PAYMENT AURORA TEXTILES LTD REF INV-53007,Aurora Textiles Ltd,INV-53007,BANK-0238
B00664,2026-07-06,219.5,PAYMENT LUMEN ENERGY SERVICES REF INV-42975,Lumen Energy Services,INV-42975,BANK-0239
B00588,2026-07-23,2350.78,PAYMENT IVY & OAK PRINT SHOP REF INV-51187,Ivy & Oak Print Shop,INV-51187,BANK-0240
B00695,2026-06-05,211.88,PAYMENT CEDAR & VINE SUPPLY CO REF INV-62354,Cedar & Vine Supply Co,INV-62354,BANK-0241
B00208,2026-07-14,27235.27,PAYMENT EVERLINE MANUFACTURING REF INV-68838,Everline Manufacturing,INV-68838,BANK-0242
B00985,2026-07-13,47574.3,PAYMENT SOLACE HEALTH SYSTEMS REF INV-37151,Solace Health Systems,INV-37151,BANK-0243
B01045,2026-07-15,40687.48,PAYM EMBE FOOD REF INV-,,,BANK-0244
B00179,2026-06-21,3395.03,PAYMENT KINGFISHER CABLE CO REF INV-65872,Kingfisher Cable Co,INV-65872,BANK-0245
B00903,2026-06-05,2003.04,PARTIAL PMT QUORUM LEGAL ADVISORS REF INV-65965,Quorum Legal Advisors,INV-65965,BANK-0246
B00624,2026-07-02,3314.15,PAYMENT DELTA FREIGHT PARTNERS REF INV-85061,Delta Freight Partners,INV-85061,BANK-0247
B00589,2026-07-12,39538.79,PAYMENT AURORA TEXTILES LTD REF INV-39358,Aurora Textiles Ltd,INV-39358,BANK-0248
B00806,2026-07-02,766.99,WIRE RECEIVED MERIDIAN SOFTWARE INC REF INV-52584,Meridian Software Inc,INV-52584,BANK-0249
B00160,2026-06-13,4211.1,PAYMENT KESTREL MARKETING GROUP REF INV-25095,Kestrel Marketing Group,INV-25095,BANK-0250
B00968,2026-06-24,17562.69,PAYMENT NORTHFIELD PACKAGING REF INV-42329 (DUP),Northfield Packaging,INV-42329,BANK-0251
B00707,2026-07-20,853.19,PAYMENT GRANITE POINT CONSULTING REF INV-80972,Granite Point Consulting,INV-80972,BANK-0252
B00330,2026-06-18,2221.16,PAYMENT YELLOWBRICK MEDIA REF INV-20518,Yellowbrick Media,INV-20518,BANK-0253
B00937,2026-06-17,8667.65,PARTIAL PMT EVERLINE MANUFACTURING REF INV-82536,Everline Manufacturing,INV-82536,BANK-0254
B00349,2026-06-18,1576.99,PAYMENT NORTHFIELD PACKAGING REF INV-71112,Northfield Packaging,INV-71112,BANK-0255
B00207,2026-05-20,13877.23,PAYMENT JUNCTION ANALYTICS REF INV-95918,Junction Analytics,INV-95918,BANK-0256
B00997,2026-06-30,217.77,PAYMENT EVERLINE MANUFACTURING REF INV-79717,Everline Manufacturing,INV-79717,BANK-0257
B00144,2026-06-10,4335.54,PAYMENT FENWICK OFFICE SOLUTIONS REF INV-92155,Fenwick Office Solutions,INV-92155,BANK-0258
B00741,2026-05-14,258.66,PAYMENT YELLOWBRICK MEDIA REF INV-61435,Yellowbrick Media,INV-61435,BANK-0259
B00412,2026-06-19,439.49,PAYMENT DELTA FREIGHT PARTNERS REF INV-83607,Delta Freight Partners,INV-83607,BANK-0260
B00161,2026-07-26,48492.51,PAYMENT GLACIER POINT BANK REF INV-62089,Glacier Point Bank,INV-62089,BANK-0261
B00606,2026-06-19,361.32,PAYMENT LUMEN ENERGY SERVICES REF INV-96182,Lumen Energy Services,INV-96182,BANK-0262
B00826,2026-05-27,17333.18,WIRE RECEIVED HOLLOW CREEK FARMS REF INV-37400,Hollow Creek Farms,INV-37400,BANK-0263
B00215,2026-06-01,492.07,PAYMENT VANTERRA CHEMICALS REF INV-67377,Vanterra Chemicals,INV-67377,BANK-0264
B00692,2026-07-21,178.91,PAYMENT KINGFISHER CABLE CO REF INV-74797,Kingfisher Cable Co,INV-74797,BANK-0265
B00658,2026-07-18,90.75,PAYMENT JASPER METALS CORP REF INV-99674,Jasper Metals Corp,INV-99674,BANK-0266
B00293,2026-07-13,34501.59,PAYMENT BLUEPEAK LOGISTICS REF INV-39824,Bluepeak Logistics,INV-39824,BANK-0267
B00715,2026-05-29,13822.84,PAYMENT PINEHILL DISTRIBUTORS REF INV-11276,Pinehill Distributors,INV-11276,BANK-0268
B00202,2026-07-13,850.38,PAYMENT BLUEPEAK LOGISTICS REF INV-63008,Bluepeak Logistics,INV-63008,BANK-0269
B00948,2026-07-10,1767.01,PARTIAL PMT MERIDIAN SOFTWARE INC REF INV-76524,Meridian Software Inc,INV-76524,BANK-0270
B00223,2026-05-20,203.78,PAYMENT NORTHFIELD PACKAGING REF INV-20114,Northfield Packaging,INV-20114,BANK-0271
B00904,2026-06-07,1469.11,PARTIAL PMT QUORUM LEGAL ADVISORS REF INV-65965,Quorum Legal Advisors,INV-65965,BANK-0272
B00206,2026-06-14,2887.72,PAYMENT JASPER METALS CORP REF INV-94599,Jasper Metals Corp,INV-94599,BANK-0273
B00681,2026-06-06,241.47,PAYMENT GRANITE POINT CONSULTING REF INV-88419,Granite Point Consulting,INV-88419,BANK-0274
B00524,2026-05-19,14086.37,PAYMENT EMBERLINE FOODS REF INV-87994,Emberline Foods,INV-87994,BANK-0275
B00299,2026-06-08,16093.36,PAYMENT QUORUM LEGAL ADVISORS REF INV-39473,Quorum Legal Advisors,INV-39473,BANK-0276
B01013,2026-07-01,454.23,PAYMENT IRONWOOD MATERIALS REF INV-58745,Ironwood Materials,INV-58745,BANK-0277
B00880,2026-05-20,404.01,WIRE RECEIVED RIVERBEND HARDWARE REF INV-96396,Riverbend Hardware,INV-96396,BANK-0278
B00532,2026-06-09,591.05,PAYMENT RIVERBEND HARDWARE REF INV-46745,Riverbend Hardware,INV-46745,BANK-0279
B00506,2026-07-03,2388.44,PAYMENT ZENITH INDUSTRIAL SUPPLY REF INV-59638,Zenith Industrial Supply,INV-59638,BANK-0280
B00818,2026-05-02,14101.07,WIRE RECEIVED LUMEN ENERGY SERVICES REF INV-70115,Lumen Energy Services,INV-70115,BANK-0281
B00016,2026-05-15,498.8,PAYMENT OAKSTONE REALTY HOLDINGS REF INV-30033,Oakstone Realty Holdings,INV-30033,BANK-0282
B00501,2026-05-05,22622.06,PAYMENT AURORA TEXTILES LTD REF INV-33865,Aurora Textiles Ltd,INV-33865,BANK-0283
B00265,2026-07-07,2291.72,PAYMENT FENWICK OFFICE SOLUTIONS REF INV-63843,Fenwick Office Solutions,INV-63843,BANK-0284
B00960,2026-06-16,23149.94,PARTIAL PMT LUMEN ENERGY SERVICES REF INV-45349,Lumen Energy Services,INV-45349,BANK-0285
B00210,2026-07-15,2489.94,PAYMENT FOXGLOVE DESIGN CO REF INV-17362,Foxglove Design Co,INV-17362,BANK-0286
B00877,2026-07-12,3601.74,WIRE RECEIVED SOLACE HEALTH SYSTEMS REF INV-44136,Solace Health Systems,INV-44136,BANK-0287
B00220,2026-06-18,8812.36,PAYMENT COBALT FREIGHT LINES REF INV-94343,Cobalt Freight Lines,INV-94343,BANK-0288
B00376,2026-06-19,33525.54,PAYMENT RIVERBEND HARDWARE REF INV-51507,Riverbend Hardware,INV-51507,BANK-0289
B00352,2026-07-14,5729.9,PAYMENT NIGHTSHADE SECURITY REF INV-85909,Nightshade Security,INV-85909,BANK-0290
B00970,2026-05-20,45132.02,PAYMENT PINEHILL DISTRIBUTORS REF INV-85196 (DUP),Pinehill Distributors,INV-85196,BANK-0291
B00542,2026-05-29,72.34,PAYMENT ZENITH INDUSTRIAL SUPPLY REF INV-94853,Zenith Industrial Supply,INV-94853,BANK-0292
B01028,2026-06-09,2177.74,PAYMETN EMBERLINE FOODS REF INV-68402,,,BANK-0293
B00546,2026-07-26,2565.49,PAYMENT ZENITH INDUSTRIAL SUPPLY REF INV-78241,Zenith Industrial Supply,INV-78241,BANK-0294
B00634,2026-06-25,42293.69,PAYMENT EMBERLINE FOODS REF INV-94746,Emberline Foods,INV-94746,BANK-0295
B00307,2026-06-30,12107.35,PAYMENT AURORA TEXTILES LTD REF INV-72580,Aurora Textiles Ltd,INV-72580,BANK-0296
B00678,2026-05-01,45589.31,PAYMENT HARBOR STATE INSURANCE REF INV-98940,Harbor State Insurance,INV-98940,BANK-0297
B00382,2026-05-10,2456.04,PAYMENT JUNCTION ANALYTICS REF INV-57333,Junction Analytics,INV-57333,BANK-0298
B00044,2026-06-28,2281.04,PAYMENT UMBRA DIGITAL STUDIO REF INV-51441,Umbra Digital Studio,INV-51441,BANK-0299
B00796,2026-07-26,11162.12,WIRE RECEIVED JUNCTION ANALYTICS REF INV-90274,Junction Analytics,INV-90274,BANK-0300
B00259,2026-05-16,28298.54,PAYMENT HARBOR STATE INSURANCE REF INV-44311,Harbor State Insurance,INV-44311,BANK-0301
B00147,2026-05-08,1847.6,PAYMENT FOXGLOVE DESIGN CO REF INV-48452,Foxglove Design Co,INV-48452,BANK-0302
B00346,2026-05-10,73.19,PAYMENT MERIDIAN SOFTWARE INC REF INV-34662,Meridian Software Inc,INV-34662,BANK-0303
B00797,2026-06-12,3046.02,WIRE RECEIVED OAKSTONE REALTY HOLDINGS REF INV-68873,Oakstone Realty Holdings,INV-68873,BANK-0304
B00126,2026-05-12,3133.98,PAYMENT RIVERBEND HARDWARE REF INV-71605,Riverbend Hardware,INV-71605,BANK-0305
B00911,2026-05-03,1104.17,PARTIAL PMT CEDAR & VINE SUPPLY CO REF INV-75234,Cedar & Vine Supply Co,INV-75234,BANK-0306
B00373,2026-06-27,3981.0,PAYMENT PRAIRIE WIND ENERGY REF INV-74304,Prairie Wind Energy,INV-74304,BANK-0307
B00878,2026-07-19,30744.02,WIRE RECEIVED DELTA FREIGHT PARTNERS REF INV-13578,Delta Freight Partners,INV-13578,BANK-0308
B00553,2026-06-15,26408.08,PAYMENT OAKSTONE REALTY HOLDINGS REF INV-76494,Oakstone Realty Holdings,INV-76494,BANK-0309
B00063,2026-05-25,10204.06,PAYMENT UMBRA DIGITAL STUDIO REF INV-43386,Umbra Digital Studio,INV-43386,BANK-0310
B00071,2026-05-31,177.7,PAYMENT FENWICK OFFICE SOLUTIONS REF INV-98184,Fenwick Office Solutions,INV-98184,BANK-0311
B01066,2026-07-30,3005.0,INTEREST PAYMENT,Cedar & Vine Supply Co,,BANK-0312
B00551,2026-06-03,3745.77,PAYMENT UMBRA DIGITAL STUDIO REF INV-64862,Umbra Digital Studio,INV-64862,BANK-0313
B00485,2026-06-19,2978.1,PAYMENT IVY & OAK PRINT SHOP REF INV-27987,Ivy & Oak Print Shop,INV-27987,BANK-0314
B00852,2026-06-16,11456.96,WIRE RECEIVED GLACIER POINT BANK REF INV-61390,Glacier Point Bank,INV-61390,BANK-0315
B00962,2026-06-28,768.43,PAYMENT CEDAR & VINE SUPPLY CO REF INV-64817 (DUP),Cedar & Vine Supply Co,INV-64817,BANK-0316
B00327,2026-05-10,38561.2,PAYMENT BLUEPEAK LOGISTICS REF INV-15936,Bluepeak Logistics,INV-15936,BANK-0317
B00227,2026-05-30,3247.68,PAYMENT PINEHILL DISTRIBUTORS REF INV-79993,Pinehill Distributors,INV-79993,BANK-0318
B00957,2026-05-07,534.45,PARTIAL PMT MERIDIAN SOFTWARE INC REF INV-67129,Meridian Software Inc,INV-67129,BANK-0319
B00822,2026-05-12,31002.32,WIRE RECEIVED CEDAR & VINE SUPPLY CO REF INV-16426,Cedar & Vine Supply Co,INV-16426,BANK-0320
B00186,2026-05-08,41529.62,PAYMENT EMBERLINE FOODS REF INV-86869,Emberline Foods,INV-86869,BANK-0321
B00106,2026-05-25,366.28,PAYMENT WESTGATE FACILITIES MGMT REF INV-51359,Westgate Facilities Mgmt,INV-51359,BANK-0322
B00777,2026-05-27,19369.24,PAYMENT ZENITH INDUSTRIAL SUPPLY REF INV-75850,Zenith Industrial Supply,INV-75850,BANK-0323
B00916,2026-07-12,172.04,PARTIAL PMT HOLLOW CREEK FARMS REF INV-39602,Hollow Creek Farms,INV-39602,BANK-0324
B01023,2026-06-07,1990.76,PAYMENT LKAESIDE PROPERTY MGMT REF INV-85199,,INV-85199,BANK-0325
B01030,2026-06-12,49477.21,PAYMENT FENWICK OFFICE SLOUTIONS REF INV-18665,,,BANK-0326
B01032,2026-07-14,2707.64,PAYM ZENI INDU SUPP REF INV-,,INV-49834,BANK-0327
B00626,2026-05-12,1217.17,PAYMENT EVERLINE MANUFACTURING REF INV-55796,Everline Manufacturing,INV-55796,BANK-0328
B00541,2026-06-06,426.94,PAYMENT KESTREL MARKETING GROUP REF INV-13597,Kestrel Marketing Group,INV-13597,BANK-0329
B00654,2026-05-03,168.46,PAYMENT MERIDIAN SOFTWARE INC REF INV-76476,Meridian Software Inc,INV-76476,BANK-0330
B00889,2026-06-27,1649.62,PARTIAL PMT HOLLOW CREEK FARMS REF INV-60070,Hollow Creek Farms,INV-60070,BANK-0331
B00907,2026-07-18,48.3,PARTIAL PMT QUORUM LEGAL ADVISORS REF INV-61463,Quorum Legal Advisors,INV-61463,BANK-0332
B00714,2026-06-02,49067.26,PAYMENT RIVERBEND HARDWARE REF INV-45382,Riverbend Hardware,INV-45382,BANK-0333
B01008,2026-05-03,249.74,PAYMENT DRIFTWOOD CAFÉ GROUP REF INV-40451 (DUP),Driftwood Café Group,INV-40451,BANK-0334
B00859,2026-06-21,2575.28,WIRE RECEIVED HARBOR STATE INSURANCE REF INV-19123,Harbor State Insurance,INV-19123,BANK-0335
B00897,2026-05-29,1147.65,PARTIAL PMT AURORA TEXTILES LTD REF INV-47132,Aurora Textiles Ltd,INV-47132,BANK-0336
B00026,2026-05-26,38986.93,PAYMENT EMBERLINE FOODS REF INV-50857,Emberline Foods,INV-50857,BANK-0337
B00776,2026-07-25,39667.55,PAYMENT DRIFTWOOD CAFÉ GROUP REF INV-93084,Driftwood Café Group,INV-93084,BANK-0338
B00520,2026-07-27,23838.44,PAYMENT DELTA FREIGHT PARTNERS REF INV-72236,Delta Freight Partners,INV-72236,BANK-0339
B00264,2026-05-17,21601.0,PAYMENT IVY & OAK PRINT SHOP REF INV-90209,Ivy & Oak Print Shop,INV-90209,BANK-0340
B00078,2026-07-06,3883.0,PAYMENT HOLLOW CREEK FARMS REF INV-73517,Hollow Creek Farms,INV-73517,BANK-0341
B00793,2026-07-02,16120.59,WIRE RECEIVED MARROW FITNESS STUDIOS REF INV-61563,Marrow Fitness Studios,INV-61563,BANK-0342
B00769,2026-07-05,4667.66,PAYMENT ZENITH INDUSTRIAL SUPPLY REF INV-10025,Zenith Industrial Supply,INV-10025,BANK-0343
B00864,2026-05-08,23.52,WIRE RECEIVED ORCHARD GROVE BAKERY REF INV-58394,Orchard Grove Bakery,INV-58394,BANK-0344
B00182,2026-07-29,288.75,PAYMENT PRAIRIE WIND ENERGY REF INV-24996,Prairie Wind Energy,INV-24996,BANK-0345
B00952,2026-07-18,1217.06,PARTIAL PMT DELTA FREIGHT PARTNERS REF INV-69394,Delta Freight Partners,INV-69394,BANK-0346
B01065,2026-06-26,1036.1,TRANSFER FROM EMBERLINE FOODS,Emberline Foods,,BANK-0347
B00478,2026-05-18,300.18,PAYMENT FOXGLOVE DESIGN CO REF INV-25919,Foxglove Design Co,INV-25919,BANK-0348
B00514,2026-07-16,42075.38,PAYMENT YELLOWBRICK MEDIA REF INV-72957,Yellowbrick Media,INV-72957,BANK-0349
B00732,2026-05-04,2146.02,PAYMENT FENWICK OFFICE SOLUTIONS REF INV-78592,Fenwick Office Solutions,INV-78592,BANK-0350
B00062,2026-06-25,6721.57,PAYMENT LUMEN ENERGY SERVICES REF INV-55309,Lumen Energy Services,INV-55309,BANK-0351
B00554,2026-06-07,430.44,PAYMENT TRAILMARK EQUIPMENT RENTAL REF INV-22793,Trailmark Equipment Rental,INV-22793,BANK-0352
B00998,2026-06-30,217.77,PAYMENT EVERLINE MANUFACTURING REF INV-79717 (DUP),Everline Manufacturing,INV-79717,BANK-0353
B00059,2026-05-04,207.35,PAYMENT GLACIER POINT BANK REF INV-96511,Glacier Point Bank,INV-96511,BANK-0354
B00817,2026-06-27,1292.73,WIRE RECEIVED KESTREL MARKETING GROUP REF INV-47851,Kestrel Marketing Group,INV-47851,BANK-0355
B00685,2026-06-22,325.35,PAYMENT YELLOWBRICK MEDIA REF INV-82365,Yellowbrick Media,INV-82365,BANK-0356
B00931,2026-06-28,46.96,PARTIAL PMT AURORA TEXTILES LTD REF INV-90114,Aurora Textiles Ltd,INV-90114,BANK-0357
B00513,2026-05-20,723.36,PAYMENT TRAILMARK EQUIPMENT RENTAL REF INV-17144,Trailmark Equipment Rental,INV-17144,BANK-0358
B00258,2026-06-05,22911.53,PAYMENT EVERLINE MANUFACTURING REF INV-42717,Everline Manufacturing,INV-42717,BANK-0359
B00934,2026-05-29,57.29,PARTIAL PMT GRANITE POINT CONSULTING REF INV-65864,Granite Point Consulting,INV-65864,BANK-0360
B01020,2026-05-17,49719.79,PAYMENT JUNCTION ANALYTICS REF INV-67788 (DUP),Junction Analytics,INV-67788,BANK-0361
B00347,2026-06-08,3014.83,PAYMENT ORCHARD GROVE BAKERY REF INV-12009,Orchard Grove Bakery,INV-12009,BANK-0362
B00630,2026-07-09,4082.93,PAYMENT UMBRA DIGITAL STUDIO REF INV-47070,Umbra Digital Studio,INV-47070,BANK-0363
B00821,2026-07-23,326.0,WIRE RECEIVED REDSTONE CONTRACTING REF INV-55746,Redstone Contracting,INV-55746,BANK-0364
B00552,2026-05-25,36863.1,PAYMENT COBALT FREIGHT LINES REF INV-54979,Cobalt Freight Lines,INV-54979,BANK-0365
B00564,2026-05-26,5210.11,PAYMENT COBALT FREIGHT LINES REF INV-58903,Cobalt Freight Lines,INV-58903,BANK-0366
B00025,2026-07-07,2638.77,PAYMENT IRONWOOD MATERIALS REF INV-89507,Ironwood Materials,INV-89507,BANK-0367
B00286,2026-07-27,42139.01,PAYMENT JASPER METALS CORP REF INV-90090,Jasper Metals Corp,INV-90090,BANK-0368
B00509,2026-05-10,21895.6,PAYMENT GRANITE POINT CONSULTING REF INV-81702,Granite Point Consulting,INV-81702,BANK-0369
B00841,2026-07-07,4539.82,WIRE RECEIVED BLUEPEAK LOGISTICS REF INV-50679,Bluepeak Logistics,INV-50679,BANK-0370
B00156,2026-07-24,35499.4,PAYMENT OAKSTONE REALTY HOLDINGS REF INV-99241,Oakstone Realty Holdings,INV-99241,BANK-0371
B00671,2026-07-12,48120.73,PAYMENT KESTREL MARKETING GROUP REF INV-93574,Kestrel Marketing Group,INV-93574,BANK-0372
B00460,2026-07-10,464.1,PAYMENT ZENITH INDUSTRIAL SUPPLY REF INV-95944,Zenith Industrial Supply,INV-95944,BANK-0373
B00052,2026-05-02,36755.04,PAYMENT QUORUM LEGAL ADVISORS REF INV-24663,Quorum Legal Advisors,INV-24663,BANK-0374
B00252,2026-06-24,18792.31,PAYMENT GRANITE POINT CONSULTING REF INV-31842,Granite Point Consulting,INV-31842,BANK-0375
B00995,2026-06-05,4540.7,PAYMENT OAKSTONE REALTY HOLDINGS REF INV-17138,Oakstone Realty Holdings,INV-17138,BANK-0376
B00537,2026-05-08,445.7,PAYMENT KINGFISHER CABLE CO REF INV-42701,Kingfisher Cable Co,INV-42701,BANK-0377
B00939,2026-06-18,13209.11,PARTIAL PMT ORCHARD GROVE BAKERY REF INV-30677,Orchard Grove Bakery,INV-30677,BANK-0378
B00089,2026-05-29,2927.39,PAYMENT HOLLOW CREEK FARMS REF INV-95215,Hollow Creek Farms,INV-95215,BANK-0379
B00067,2026-07-26,1363.28,PAYMENT SOLACE HEALTH SYSTEMS REF INV-32810,Solace Health Systems,INV-32810,BANK-0380
B01054,2026-07-26,2425.83,REFUND - UNSPECIFIED,Solace Health Systems,,BANK-0381
B00342,2026-05-24,2373.46,PAYMENT KINGFISHER CABLE CO REF INV-80507,Kingfisher Cable Co,INV-80507,BANK-0382
B00496,2026-05-15,76.8,PAYMENT UMBRA DIGITAL STUDIO REF INV-78982,Umbra Digital Studio,INV-78982,BANK-0383
B00384,2026-06-18,22806.14,PAYMENT GRANITE POINT CONSULTING REF INV-53193,Granite Point Consulting,INV-53193,BANK-0384
B00354,2026-07-22,3581.81,PAYMENT MARROW FITNESS STUDIOS REF INV-74303,Marrow Fitness Studios,INV-74303,BANK-0385
B00145,2026-07-27,8078.93,PAYMENT IVY & OAK PRINT SHOP REF INV-47667,Ivy & Oak Print Shop,INV-47667,BANK-0386
B00107,2026-05-28,384.3,PAYMENT HARBOR STATE INSURANCE REF INV-73464,Harbor State Insurance,INV-73464,BANK-0387
B00424,2026-06-20,16139.96,PAYMENT PINEHILL DISTRIBUTORS REF INV-74154,Pinehill Distributors,INV-74154,BANK-0388
B00958,2026-05-10,958.53,PARTIAL PMT MERIDIAN SOFTWARE INC REF INV-67129,Meridian Software Inc,INV-67129,BANK-0389
B00653,2026-05-18,1290.97,PAYMENT IVY & OAK PRINT SHOP REF INV-80597,Ivy & Oak Print Shop,INV-80597,BANK-0390
B00717,2026-05-17,3029.62,PAYMENT IVY & OAK PRINT SHOP REF INV-17869,Ivy & Oak Print Shop,INV-17869,BANK-0391
B01064,2026-05-03,43685.25,MISC CREDIT JASPER METALS CORP,Jasper Metals Corp,,BANK-0392
B00993,2026-07-29,47261.66,PAYMENT LAKESIDE PROPERTY MGMT REF INV-37498,Lakeside Property Mgmt,INV-37498,BANK-0393
B00345,2026-05-12,855.82,PAYMENT NORTHFIELD PACKAGING REF INV-80206,Northfield Packaging,INV-80206,BANK-0394
B00428,2026-05-28,4080.55,PAYMENT WESTGATE FACILITIES MGMT REF INV-74843,Westgate Facilities Mgmt,INV-74843,BANK-0395
B00200,2026-07-08,3861.56,PAYMENT HARBOR STATE INSURANCE REF INV-40161,Harbor State Insurance,INV-40161,BANK-0396
B00365,2026-05-11,298.72,PAYMENT ZENITH INDUSTRIAL SUPPLY REF INV-75517,Zenith Industrial Supply,INV-75517,BANK-0397
B00371,2026-05-11,40572.41,PAYMENT VANTERRA CHEMICALS REF INV-75639,Vanterra Chemicals,INV-75639,BANK-0398
B00473,2026-05-14,14122.07,PAYMENT FOXGLOVE DESIGN CO REF INV-30369,Foxglove Design Co,INV-30369,BANK-0399
B00933,2026-05-26,44.09,PARTIAL PMT GRANITE POINT CONSULTING REF INV-65864,Granite Point Consulting,INV-65864,BANK-0400
B00240,2026-07-18,308.77,PAYMENT JASPER METALS CORP REF INV-56244,Jasper Metals Corp,INV-56244,BANK-0401
B00668,2026-07-01,10100.24,PAYMENT OAKSTONE REALTY HOLDINGS REF INV-72786,Oakstone Realty Holdings,INV-72786,BANK-0402
B00367,2026-06-04,4406.53,PAYMENT OAKSTONE REALTY HOLDINGS REF INV-16102,Oakstone Realty Holdings,INV-16102,BANK-0403
B00977,2026-07-25,3414.38,PAYMENT WESTGATE FACILITIES MGMT REF INV-49955,Westgate Facilities Mgmt,INV-49955,BANK-0404
B00750,2026-06-20,365.6,PAYMENT JUNCTION ANALYTICS REF INV-94495,Junction Analytics,INV-94495,BANK-0405
B00351,2026-06-22,1941.05,PAYMENT HOLLOW CREEK FARMS REF INV-15992,Hollow Creek Farms,INV-15992,BANK-0406
B00301,2026-05-16,4705.18,PAYMENT WESTGATE FACILITIES MGMT REF INV-85166,Westgate Facilities Mgmt,INV-85166,BANK-0407
B00113,2026-06-08,11827.72,PAYMENT EVERLINE MANUFACTURING REF INV-21164,Everline Manufacturing,INV-21164,BANK-0408
B00560,2026-05-19,3062.32,PAYMENT VANTERRA CHEMICALS REF INV-51469,Vanterra Chemicals,INV-51469,BANK-0409
B00500,2026-05-17,2202.73,PAYMENT ORCHARD GROVE BAKERY REF INV-33292,Orchard Grove Bakery,INV-33292,BANK-0410
B00225,2026-05-21,444.38,PAYMENT VANTERRA CHEMICALS REF INV-33703,Vanterra Chemicals,INV-33703,BANK-0411
B00177,2026-06-27,2867.38,PAYMENT IRONWOOD MATERIALS REF INV-57453,Ironwood Materials,INV-57453,BANK-0412
B00774,2026-07-05,380.42,PAYMENT NORTHFIELD PACKAGING REF INV-88018,Northfield Packaging,INV-88018,BANK-0413
B00895,2026-05-02,3973.28,PARTIAL PMT KINGFISHER CABLE CO REF INV-98185,Kingfisher Cable Co,INV-98185,BANK-0414
B00534,2026-07-22,37795.97,PAYMENT FOXGLOVE DESIGN CO REF INV-21703,Foxglove Design Co,INV-21703,BANK-0415
B00148,2026-07-27,28902.48,PAYMENT WESTGATE FACILITIES MGMT REF INV-33600,Westgate Facilities Mgmt,INV-33600,BANK-0416
B00953,2026-05-10,76.01,PARTIAL PMT LAKESIDE PROPERTY MGMT REF INV-40841,Lakeside Property Mgmt,INV-40841,BANK-0417
B00789,2026-06-11,457.72,PAYMENT ORCHARD GROVE BAKERY REF INV-90997,Orchard Grove Bakery,INV-90997,BANK-0418
B00762,2026-06-14,7623.5,PAYMENT DRIFTWOOD CAFÉ GROUP REF INV-15328,Driftwood Café Group,INV-15328,BANK-0419
B01062,2026-05-13,18623.87,MISC CREDIT ZENITH INDUSTRIAL SUPPLY,Zenith Industrial Supply,,BANK-0420
B00905,2026-06-19,581.75,PARTIAL PMT QUORUM LEGAL ADVISORS REF INV-53601,Quorum Legal Advisors,INV-53601,BANK-0421
B00882,2026-07-02,82.29,PARTIAL PMT FOXGLOVE DESIGN CO REF INV-33699,Foxglove Design Co,INV-33699,BANK-0422
B00639,2026-06-08,18042.65,PAYMENT EVERLINE MANUFACTURING REF INV-89503,Everline Manufacturing,INV-89503,BANK-0423
B00319,2026-05-16,39642.85,PAYMENT JASPER METALS CORP REF INV-93717,Jasper Metals Corp,INV-93717,BANK-0424
B00458,2026-05-15,30826.05,PAYMENT KESTREL MARKETING GROUP REF INV-39937,Kestrel Marketing Group,INV-39937,BANK-0425
B00662,2026-06-11,6795.71,PAYMENT HOLLOW CREEK FARMS REF INV-23529,Hollow Creek Farms,INV-23529,BANK-0426
B00491,2026-05-23,430.93,PAYMENT NIGHTSHADE SECURITY REF INV-41005,Nightshade Security,INV-41005,BANK-0427
B00625,2026-05-24,211.14,PAYMENT MARROW FITNESS STUDIOS REF INV-78236,Marrow Fitness Studios,INV-78236,BANK-0428
B00975,2026-05-28,3888.85,PAYMENT PINEHILL DISTRIBUTORS REF INV-27394,Pinehill Distributors,INV-27394,BANK-0429
B00138,2026-06-18,29836.28,PAYMENT FOXGLOVE DESIGN CO REF INV-69682,Foxglove Design Co,INV-69682,BANK-0430
B00033,2026-06-01,77.28,PAYMENT GRANITE POINT CONSULTING REF INV-35112,Granite Point Consulting,INV-35112,BANK-0431
B00699,2026-06-07,30138.38,PAYMENT QUORUM LEGAL ADVISORS REF INV-54560,Quorum Legal Advisors,INV-54560,BANK-0432
B00902,2026-07-13,11798.08,PARTIAL PMT FENWICK OFFICE SOLUTIONS REF INV-34217,Fenwick Office Solutions,INV-34217,BANK-0433
B01042,2026-06-09,1090.54,PAYMENT EVERLINE MANUFACTURING REF INV-575,,,BANK-0434
B00580,2026-06-28,375.6,PAYMENT EVERLINE MANUFACTURING REF INV-48800,Everline Manufacturing,INV-48800,BANK-0435
B00010,2026-07-17,351.58,PAYMENT NORTHFIELD PACKAGING REF INV-93227,Northfield Packaging,INV-93227,BANK-0436
B00785,2026-05-14,465.9,PAYMENT CEDAR & VINE SUPPLY CO REF INV-17148,Cedar & Vine Supply Co,INV-17148,BANK-0437
B00032,2026-07-26,209.43,PAYMENT EMBERLINE FOODS REF INV-95649,Emberline Foods,INV-95649,BANK-0438
B00803,2026-07-01,1540.2,WIRE RECEIVED REDSTONE CONTRACTING REF INV-27575,Redstone Contracting,INV-27575,BANK-0439
B01016,2026-05-22,712.94,PAYMENT SOLACE HEALTH SYSTEMS REF INV-91085 (DUP),Solace Health Systems,INV-91085,BANK-0440
B00965,2026-07-06,2987.4,PAYMENT KESTREL MARKETING GROUP REF INV-74122,Kestrel Marketing Group,INV-74122,BANK-0441
B00810,2026-06-20,212.72,WIRE RECEIVED MARROW FITNESS STUDIOS REF INV-49918,Marrow Fitness Studios,INV-49918,BANK-0442
B00929,2026-07-19,451.54,PARTIAL PMT EVERLINE MANUFACTURING REF INV-16003,Everline Manufacturing,INV-16003,BANK-0443
B00314,2026-05-23,381.48,PAYMENT AURORA TEXTILES LTD REF INV-90079,Aurora Textiles Ltd,INV-90079,BANK-0444
B00994,2026-07-29,47261.66,PAYMENT LAKESIDE PROPERTY MGMT REF INV-37498 (DUP),Lakeside Property Mgmt,INV-37498,BANK-0445
B00863,2026-06-14,4583.73,WIRE RECEIVED TRAILMARK EQUIPMENT RENTAL REF INV-21703,Trailmark Equipment Rental,INV-21703,BANK-0446
B00921,2026-07-20,171.79,PARTIAL PMT ZENITH INDUSTRIAL SUPPLY REF INV-57089,Zenith Industrial Supply,INV-57089,BANK-0447
B00794,2026-07-04,3569.61,WIRE RECEIVED KESTREL MARKETING GROUP REF INV-46159,Kestrel Marketing Group,INV-46159,BANK-0448
B00651,2026-06-05,1496.87,PAYMENT UMBRA DIGITAL STUDIO REF INV-57118,Umbra Digital Studio,INV-57118,BANK-0449
B00250,2026-06-04,27388.55,PAYMENT VANTERRA CHEMICALS REF INV-20828,Vanterra Chemicals,INV-20828,BANK-0450
B00533,2026-05-18,436.21,PAYMENT IVY & OAK PRINT SHOP REF INV-49384,Ivy & Oak Print Shop,INV-49384,BANK-0451
B00149,2026-05-31,22214.49,PAYMENT KESTREL MARKETING GROUP REF INV-75230,Kestrel Marketing Group,INV-75230,BANK-0452
B00284,2026-06-16,1690.13,PAYMENT EMBERLINE FOODS REF INV-15930,Emberline Foods,INV-15930,BANK-0453
B00375,2026-05-10,40912.48,PAYMENT ZENITH INDUSTRIAL SUPPLY REF INV-20752,Zenith Industrial Supply,INV-20752,BANK-0454
B00618,2026-06-10,48051.59,PAYMENT DELTA FREIGHT PARTNERS REF INV-82368,Delta Freight Partners,INV-82368,BANK-0455
B01055,2026-06-26,3533.72,MISC CREDIT LUMEN ENERGY SERVICES,Lumen Energy Services,,BANK-0456
B00599,2026-05-01,372.16,PAYMENT YELLOWBRICK MEDIA REF INV-54742,Yellowbrick Media,INV-54742,BANK-0457
B00254,2026-07-21,7581.11,PAYMENT RIVERBEND HARDWARE REF INV-63242,Riverbend Hardware,INV-63242,BANK-0458
B00435,2026-07-29,317.16,PAYMENT IRONWOOD MATERIALS REF INV-55032,Ironwood Materials,INV-55032,BANK-0459
B00213,2026-06-27,311.15,PAYMENT GLACIER POINT BANK REF INV-84928,Glacier Point Bank,INV-84928,BANK-0460
B00222,2026-06-09,2405.33,PAYMENT FENWICK OFFICE SOLUTIONS REF INV-33627,Fenwick Office Solutions,INV-33627,BANK-0461
B00698,2026-07-13,4833.76,PAYMENT RIVERBEND HARDWARE REF INV-10609,Riverbend Hardware,INV-10609,BANK-0462
B00602,2026-05-28,1343.95,PAYMENT QUORUM LEGAL ADVISORS REF INV-69905,Quorum Legal Advisors,INV-69905,BANK-0463
B00323,2026-07-04,7779.11,PAYMENT YELLOWBRICK MEDIA REF INV-36497,Yellowbrick Media,INV-36497,BANK-0464
B00053,2026-06-17,475.27,PAYMENT EVERLINE MANUFACTURING REF INV-86350,Everline Manufacturing,INV-86350,BANK-0465
B00677,2026-07-08,93.33,PAYMENT PRAIRIE WIND ENERGY REF INV-75972,Prairie Wind Energy,INV-75972,BANK-0466
B00171,2026-05-12,1741.47,PAYMENT WESTGATE FACILITIES MGMT REF INV-96870,Westgate Facilities Mgmt,INV-96870,BANK-0467
B00667,2026-05-16,21300.03,PAYMENT RIVERBEND HARDWARE REF INV-96652,Riverbend Hardware,INV-96652,BANK-0468
B00201,2026-05-06,3506.22,PAYMENT JASPER METALS CORP REF INV-67176,Jasper Metals Corp,INV-67176,BANK-0469
B00547,2026-06-17,28018.12,PAYMENT REDSTONE CONTRACTING REF INV-83591,Redstone Contracting,INV-83591,BANK-0470
B00873,2026-06-05,8576.71,WIRE RECEIVED HARBOR STATE INSURANCE REF INV-70940,Harbor State Insurance,INV-70940,BANK-0471
B00771,2026-06-15,41987.3,PAYMENT NORTHFIELD PACKAGING REF INV-77013,Northfield Packaging,INV-77013,BANK-0472
B00151,2026-06-14,3549.25,PAYMENT GLACIER POINT BANK REF INV-87014,Glacier Point Bank,INV-87014,BANK-0473
B00104,2026-07-24,1497.18,PAYMENT BLUEPEAK LOGISTICS REF INV-86225,Bluepeak Logistics,INV-86225,BANK-0474
B00896,2026-05-02,9122.97,PARTIAL PMT KINGFISHER CABLE CO REF INV-98185,Kingfisher Cable Co,INV-98185,BANK-0475
B00300,2026-06-10,3672.05,PAYMENT TRAILMARK EQUIPMENT RENTAL REF INV-72888,Trailmark Equipment Rental,INV-72888,BANK-0476
B00231,2026-05-16,9616.54,PAYMENT HOLLOW CREEK FARMS REF INV-47363,Hollow Creek Farms,INV-47363,BANK-0477
B00730,2026-06-01,47681.88,PAYMENT RIVERBEND HARDWARE REF INV-92712,Riverbend Hardware,INV-92712,BANK-0478
B00795,2026-06-05,298.45,WIRE RECEIVED DELTA FREIGHT PARTNERS REF INV-39567,Delta Freight Partners,INV-39567,BANK-0479
B00805,2026-06-22,91.16,WIRE RECEIVED IRONWOOD MATERIALS REF INV-39170,Ironwood Materials,INV-39170,BANK-0480
B00249,2026-06-26,4097.04,PAYMENT VANTERRA CHEMICALS REF INV-60678,Vanterra Chemicals,INV-60678,BANK-0481
B00228,2026-06-17,189.26,PAYMENT PINEHILL DISTRIBUTORS REF INV-98907,Pinehill Distributors,INV-98907,BANK-0482
B00360,2026-06-05,5752.68,PAYMENT AURORA TEXTILES LTD REF INV-80220,Aurora Textiles Ltd,INV-80220,BANK-0483
B00827,2026-07-01,49036.17,WIRE RECEIVED REDSTONE CONTRACTING REF INV-89269,Redstone Contracting,INV-89269,BANK-0484
B01026,2026-07-08,401.58,PAYMENT OAKSTONE REALTY HOLDINGS REF INV-63887,,INV-68387,BANK-0485
B00887,2026-07-08,8388.33,PARTIAL PMT DELTA FREIGHT PARTNERS REF INV-40626,Delta Freight Partners,INV-40626,BANK-0486
B00989,2026-06-16,2145.16,PAYMENT DELTA FREIGHT PARTNERS REF INV-32972,Delta Freight Partners,INV-32972,BANK-0487
B00060,2026-06-14,1753.71,PAYMENT MERIDIAN SOFTWARE INC REF INV-94080,Meridian Software Inc,INV-94080,BANK-0488
B00012,2026-05-05,358.08,PAYMENT OAKSTONE REALTY HOLDINGS REF INV-51347,Oakstone Realty Holdings,INV-51347,BANK-0489
B00676,2026-06-23,45920.27,PAYMENT GRANITE POINT CONSULTING REF INV-29603,Granite Point Consulting,INV-29603,BANK-0490
B00987,2026-07-26,46950.95,PAYMENT FENWICK OFFICE SOLUTIONS REF INV-57708,Fenwick Office Solutions,INV-57708,BANK-0491
B00076,2026-07-16,28900.93,PAYMENT GLACIER POINT BANK REF INV-51588,Glacier Point Bank,INV-51588,BANK-0492
B00238,2026-05-31,100.03,PAYMENT EMBERLINE FOODS REF INV-65027,Emberline Foods,INV-65027,BANK-0493
B00395,2026-06-25,3402.64,PAYMENT CEDAR & VINE SUPPLY CO REF INV-23886,Cedar & Vine Supply Co,INV-23886,BANK-0494
B00854,2026-07-17,2626.59,WIRE RECEIVED HOLLOW CREEK FARMS REF INV-85324,Hollow Creek Farms,INV-85324,BANK-0495
B00648,2026-07-19,3520.83,PAYMENT VANTERRA CHEMICALS REF INV-19149,Vanterra Chemicals,INV-19149,BANK-0496
B00779,2026-05-20,4038.66,PAYMENT OAKSTONE REALTY HOLDINGS REF INV-84899,Oakstone Realty Holdings,INV-84899,BANK-0497
B00936,2026-05-30,1655.96,PARTIAL PMT UMBRA DIGITAL STUDIO REF INV-15975,Umbra Digital Studio,INV-15975,BANK-0498
B00684,2026-06-24,16413.47,PAYMENT GRANITE POINT CONSULTING REF INV-84012,Granite Point Consulting,INV-84012,BANK-0499
B00670,2026-05-19,28068.93,PAYMENT NIGHTSHADE SECURITY REF INV-17328,Nightshade Security,INV-17328,BANK-0500
B00724,2026-07-25,2502.04,PAYMENT COBALT FREIGHT LINES REF INV-69020,Cobalt Freight Lines,INV-69020,BANK-0501
B00432,2026-06-16,17330.88,PAYMENT TRAILMARK EQUIPMENT RENTAL REF INV-42819,Trailmark Equipment Rental,INV-42819,BANK-0502
B00224,2026-07-07,39689.36,PAYMENT SOLACE HEALTH SYSTEMS REF INV-14947,Solace Health Systems,INV-14947,BANK-0503
B00619,2026-05-29,1631.04,PAYMENT DELTA FREIGHT PARTNERS REF INV-93071,Delta Freight Partners,INV-93071,BANK-0504
B00951,2026-07-18,565.73,PARTIAL PMT DELTA FREIGHT PARTNERS REF INV-69394,Delta Freight Partners,INV-69394,BANK-0505
B00780,2026-08-02,1681.51,PAYMENT DELTA FREIGHT PARTNERS REF INV-27677,Delta Freight Partners,INV-27677,BANK-0506
B00645,2026-05-29,457.53,PAYMENT DRIFTWOOD CAFÉ GROUP REF INV-90856,Driftwood Café Group,INV-90856,BANK-0507
B00247,2026-07-05,1397.61,PAYMENT MERIDIAN SOFTWARE INC REF INV-62196,Meridian Software Inc,INV-62196,BANK-0508
B00108,2026-05-13,4894.73,PAYMENT RIVERBEND HARDWARE REF INV-35443,Riverbend Hardware,INV-35443,BANK-0509
B00900,2026-07-16,214.1,PARTIAL PMT BLUEPEAK LOGISTICS REF INV-93634,Bluepeak Logistics,INV-93634,BANK-0510
B00849,2026-07-15,72.42,WIRE RECEIVED DELTA FREIGHT PARTNERS REF INV-92505,Delta Freight Partners,INV-92505,BANK-0511
B00193,2026-05-12,345.81,PAYMENT NIGHTSHADE SECURITY REF INV-79531,Nightshade Security,INV-79531,BANK-0512
B00555,2026-07-27,107.57,PAYMENT HOLLOW CREEK FARMS REF INV-53992,Hollow Creek Farms,INV-53992,BANK-0513
B01034,2026-05-04,237.72,PAYM SOLA HEAL SYST REF INV-,,,BANK-0514
B00828,2026-06-15,16649.86,WIRE RECEIVED SOLACE HEALTH SYSTEMS REF INV-27001,Solace Health Systems,INV-27001,BANK-0515
B00979,2026-06-28,366.49,PAYMENT KESTREL MARKETING GROUP REF INV-70786,Kestrel Marketing Group,INV-70786,BANK-0516
B00139,2026-05-30,4913.49,PAYMENT UMBRA DIGITAL STUDIO REF INV-63841,Umbra Digital Studio,INV-63841,BANK-0517
B00129,2026-07-05,1954.73,PAYMENT FENWICK OFFICE SOLUTIONS REF INV-10150,Fenwick Office Solutions,INV-10150,BANK-0518
B00090,2026-05-26,401.55,PAYMENT EVERLINE MANUFACTURING REF INV-12671,Everline Manufacturing,INV-12671,BANK-0519
B00760,2026-05-07,165.17,PAYMENT ORCHARD GROVE BAKERY REF INV-95950,Orchard Grove Bakery,INV-95950,BANK-0520
B00531,2026-05-07,67.45,PAYMENT COBALT FREIGHT LINES REF INV-72287,Cobalt Freight Lines,INV-72287,BANK-0521
B00942,2026-07-18,4807.66,PARTIAL PMT FENWICK OFFICE SOLUTIONS REF INV-47189,Fenwick Office Solutions,INV-47189,BANK-0522
B00311,2026-06-06,3055.83,PAYMENT CEDAR & VINE SUPPLY CO REF INV-69552,Cedar & Vine Supply Co,INV-69552,BANK-0523
B00499,2026-06-15,36210.22,PAYMENT UMBRA DIGITAL STUDIO REF INV-39260,Umbra Digital Studio,INV-39260,BANK-0524
B00415,2026-07-03,25579.46,PAYMENT OAKSTONE REALTY HOLDINGS REF INV-82053,Oakstone Realty Holdings,INV-82053,BANK-0525
B00656,2026-06-16,294.56,PAYMENT QUORUM LEGAL ADVISORS REF INV-61445,Quorum Legal Advisors,INV-61445,BANK-0526
B00489,2026-05-30,28824.45,PAYMENT RIVERBEND HARDWARE REF INV-30922,Riverbend Hardware,INV-30922,BANK-0527
B00176,2026-06-03,405.49,PAYMENT WESTGATE FACILITIES MGMT REF INV-16868,Westgate Facilities Mgmt,INV-16868,BANK-0528
B00014,2026-05-18,4615.46,PAYMENT IVY & OAK PRINT SHOP REF INV-42325,Ivy & Oak Print Shop,INV-42325,BANK-0529
B00737,2026-05-24,413.96,PAYMENT LAKESIDE PROPERTY MGMT REF INV-24464,Lakeside Property Mgmt,INV-24464,BANK-0530
B00759,2026-07-12,42633.48,PAYMENT MERIDIAN SOFTWARE INC REF INV-91785,Meridian Software Inc,INV-91785,BANK-0531
B00650,2026-05-22,2140.22,PAYMENT JUNCTION ANALYTICS REF INV-10633,Junction Analytics,INV-10633,BANK-0532
B00019,2026-06-25,3958.69,PAYMENT LAKESIDE PROPERTY MGMT REF INV-30730,Lakeside Property Mgmt,INV-30730,BANK-0533
B00800,2026-05-19,68.04,WIRE RECEIVED UMBRA DIGITAL STUDIO REF INV-13864,Umbra Digital Studio,INV-13864,BANK-0534
B01052,2026-07-03,3007.09,MISC CREDIT YELLOWBRICK MEDIA,Yellowbrick Media,,BANK-0535
B00266,2026-05-10,48757.09,PAYMENT DRIFTWOOD CAFÉ GROUP REF INV-68979,Driftwood Café Group,INV-68979,BANK-0536
B00081,2026-05-27,236.69,PAYMENT EVERLINE MANUFACTURING REF INV-65069,Everline Manufacturing,INV-65069,BANK-0537
B00190,2026-07-18,30243.46,PAYMENT NIGHTSHADE SECURITY REF INV-98470,Nightshade Security,INV-98470,BANK-0538
B00860,2026-07-22,4150.5,WIRE RECEIVED PRAIRIE WIND ENERGY REF INV-96529,Prairie Wind Energy,INV-96529,BANK-0539
B00192,2026-05-24,366.21,PAYMENT RIVERBEND HARDWARE REF INV-28776,Riverbend Hardware,INV-28776,BANK-0540
B00592,2026-05-22,1206.17,PAYMENT AURORA TEXTILES LTD REF INV-19812,Aurora Textiles Ltd,INV-19812,BANK-0541
B00272,2026-05-06,32231.25,PAYMENT KESTREL MARKETING GROUP REF INV-13718,Kestrel Marketing Group,INV-13718,BANK-0542
B00461,2026-06-04,1617.18,PAYMENT DRIFTWOOD CAFÉ GROUP REF INV-20208,Driftwood Café Group,INV-20208,BANK-0543
B00466,2026-07-21,2345.16,PAYMENT JUNCTION ANALYTICS REF INV-11257,Junction Analytics,INV-11257,BANK-0544
B00906,2026-06-21,251.24,PARTIAL PMT QUORUM LEGAL ADVISORS REF INV-53601,Quorum Legal Advisors,INV-53601,BANK-0545
B00971,2026-07-04,49607.31,PAYMENT AURORA TEXTILES LTD REF INV-14406,Aurora Textiles Ltd,INV-14406,BANK-0546
B00673,2026-07-16,4402.86,PAYMENT PRAIRIE WIND ENERGY REF INV-28705,Prairie Wind Energy,INV-28705,BANK-0547
B01047,2026-06-05,11550.06,PAYM LUME ENER SERV REF INV-,,,BANK-0548
B00568,2026-06-13,285.85,PAYMENT PRAIRIE WIND ENERGY REF INV-74248,Prairie Wind Energy,INV-74248,BANK-0549
B00870,2026-06-27,3284.4,WIRE RECEIVED PRAIRIE WIND ENERGY REF INV-60425,Prairie Wind Energy,INV-60425,BANK-0550
B00871,2026-05-31,2381.53,WIRE RECEIVED WESTGATE FACILITIES MGMT REF INV-75762,Westgate Facilities Mgmt,INV-75762,BANK-0551
B00752,2026-07-18,2683.86,PAYMENT QUORUM LEGAL ADVISORS REF INV-34874,Quorum Legal Advisors,INV-34874,BANK-0552
B00857,2026-06-25,1409.19,WIRE RECEIVED ZENITH INDUSTRIAL SUPPLY REF INV-84345,Zenith Industrial Supply,INV-84345,BANK-0553
B00117,2026-05-21,347.19,PAYMENT QUORUM LEGAL ADVISORS REF INV-10350,Quorum Legal Advisors,INV-10350,BANK-0554
B00017,2026-07-16,2399.72,PAYMENT KESTREL MARKETING GROUP REF INV-71348,Kestrel Marketing Group,INV-71348,BANK-0555
B00749,2026-05-15,202.29,PAYMENT REDSTONE CONTRACTING REF INV-94485,Redstone Contracting,INV-94485,BANK-0556
B00913,2026-07-13,859.93,PARTIAL PMT CEDAR & VINE SUPPLY CO REF INV-10485,Cedar & Vine Supply Co,INV-10485,BANK-0557
B00261,2026-06-26,12769.54,PAYMENT HARBOR STATE INSURANCE REF INV-21506,Harbor State Insurance,INV-21506,BANK-0558
B00364,2026-06-21,344.18,PAYMENT FENWICK OFFICE SOLUTIONS REF INV-59710,Fenwick Office Solutions,INV-59710,BANK-0559
B00764,2026-07-24,34559.44,PAYMENT LAKESIDE PROPERTY MGMT REF INV-83193,Lakeside Property Mgmt,INV-83193,BANK-0560
B00476,2026-06-01,68.15,PAYMENT PRAIRIE WIND ENERGY REF INV-56627,Prairie Wind Energy,INV-56627,BANK-0561
B00669,2026-05-06,315.86,PAYMENT NORTHFIELD PACKAGING REF INV-26762,Northfield Packaging,INV-26762,BANK-0562
B00947,2026-07-09,1118.89,PARTIAL PMT MERIDIAN SOFTWARE INC REF INV-76524,Meridian Software Inc,INV-76524,BANK-0563
B00436,2026-05-30,494.67,PAYMENT HARBOR STATE INSURANCE REF INV-60209,Harbor State Insurance,INV-60209,BANK-0564
B00523,2026-05-17,127.8,PAYMENT FOXGLOVE DESIGN CO REF INV-15593,Foxglove Design Co,INV-15593,BANK-0565
B00111,2026-06-13,3083.29,PAYMENT GRANITE POINT CONSULTING REF INV-34164,Granite Point Consulting,INV-34164,BANK-0566
B00593,2026-05-29,17517.07,PAYMENT IVY & OAK PRINT SHOP REF INV-82154,Ivy & Oak Print Shop,INV-82154,BANK-0567
B00766,2026-07-11,1250.64,PAYMENT EMBERLINE FOODS REF INV-96184,Emberline Foods,INV-96184,BANK-0568
B00672,2026-05-28,445.33,PAYMENT BLUEPEAK LOGISTICS REF INV-68877,Bluepeak Logistics,INV-68877,BANK-0569
B00565,2026-07-26,451.4,PAYMENT AURORA TEXTILES LTD REF INV-10540,Aurora Textiles Ltd,INV-10540,BANK-0570
B00049,2026-07-17,3840.88,PAYMENT HARBOR STATE INSURANCE REF INV-37607,Harbor State Insurance,INV-37607,BANK-0571
B00303,2026-06-02,46580.43,PAYMENT SOLACE HEALTH SYSTEMS REF INV-72793,Solace Health Systems,INV-72793,BANK-0572
B00438,2026-05-02,8078.52,PAYMENT IRONWOOD MATERIALS REF INV-89995,Ironwood Materials,INV-89995,BANK-0573
B00536,2026-06-21,19000.54,PAYMENT DELTA FREIGHT PARTNERS REF INV-27779,Delta Freight Partners,INV-27779,BANK-0574
B00802,2026-07-17,13291.23,WIRE RECEIVED JUNCTION ANALYTICS REF INV-84323,Junction Analytics,INV-84323,BANK-0575
B00579,2026-05-12,458.1,PAYMENT FENWICK OFFICE SOLUTIONS REF INV-77070,Fenwick Office Solutions,INV-77070,BANK-0576
B00734,2026-06-22,40854.53,PAYMENT EMBERLINE FOODS REF INV-63967,Emberline Foods,INV-63967,BANK-0577
B00923,2026-05-31,17030.61,PARTIAL PMT MERIDIAN SOFTWARE INC REF INV-74124,Meridian Software Inc,INV-74124,BANK-0578
B00308,2026-05-12,390.16,PAYMENT MERIDIAN SOFTWARE INC REF INV-95498,Meridian Software Inc,INV-95498,BANK-0579
B00886,2026-05-07,744.45,PARTIAL PMT FOXGLOVE DESIGN CO REF INV-94182,Foxglove Design Co,INV-94182,BANK-0580
B00082,2026-06-18,36298.53,PAYMENT ZENITH INDUSTRIAL SUPPLY REF INV-72518,Zenith Industrial Supply,INV-72518,BANK-0581
B00448,2026-06-06,40518.05,PAYMENT NORTHFIELD PACKAGING REF INV-92388,Northfield Packaging,INV-92388,BANK-0582
B00746,2026-06-08,449.38,PAYMENT YELLOWBRICK MEDIA REF INV-52534,Yellowbrick Media,INV-52534,BANK-0583
B00807,2026-06-18,39903.39,WIRE RECEIVED GLACIER POINT BANK REF INV-51012,Glacier Point Bank,INV-51012,BANK-0584
B00086,2026-05-11,62.13,PAYMENT LAKESIDE PROPERTY MGMT REF INV-94246,Lakeside Property Mgmt,INV-94246,BANK-0585
B00538,2026-06-17,4631.14,PAYMENT CEDAR & VINE SUPPLY CO REF INV-70846,Cedar & Vine Supply Co,INV-70846,BANK-0586
B00540,2026-06-14,26356.2,PAYMENT PRAIRIE WIND ENERGY REF INV-55121,Prairie Wind Energy,INV-55121,BANK-0587
B00508,2026-06-10,253.08,PAYMENT KESTREL MARKETING GROUP REF INV-44226,Kestrel Marketing Group,INV-44226,BANK-0588
B00159,2026-07-04,48717.03,PAYMENT MERIDIAN SOFTWARE INC REF INV-45720,Meridian Software Inc,INV-45720,BANK-0589
B00831,2026-07-21,30209.69,WIRE RECEIVED DRIFTWOOD CAFÉ GROUP REF INV-36370,Driftwood Café Group,INV-36370,BANK-0590
B00475,2026-07-27,188.74,PAYMENT FOXGLOVE DESIGN CO REF INV-49874,Foxglove Design Co,INV-49874,BANK-0591
B00350,2026-06-29,1887.9,PAYMENT LAKESIDE PROPERTY MGMT REF INV-22924,Lakeside Property Mgmt,INV-22924,BANK-0592
B00526,2026-07-29,298.42,PAYMENT COBALT FREIGHT LINES REF INV-91665,Cobalt Freight Lines,INV-91665,BANK-0593
B00700,2026-06-02,44425.09,PAYMENT HARBOR STATE INSURANCE REF INV-68034,Harbor State Insurance,INV-68034,BANK-0594
B00689,2026-07-21,3580.54,PAYMENT MARROW FITNESS STUDIOS REF INV-10693,Marrow Fitness Studios,INV-10693,BANK-0595
B00437,2026-05-18,960.92,PAYMENT FENWICK OFFICE SOLUTIONS REF INV-60164,Fenwick Office Solutions,INV-60164,BANK-0596
B00445,2026-06-16,337.14,PAYMENT IVY & OAK PRINT SHOP REF INV-51480,Ivy & Oak Print Shop,INV-51480,BANK-0597
B00191,2026-05-04,4680.88,PAYMENT MARROW FITNESS STUDIOS REF INV-33647,Marrow Fitness Studios,INV-33647,BANK-0598
B00378,2026-06-22,30064.33,PAYMENT IRONWOOD MATERIALS REF INV-23538,Ironwood Materials,INV-23538,BANK-0599
B00943,2026-05-31,1839.02,PARTIAL PMT IRONWOOD MATERIALS REF INV-32878,Ironwood Materials,INV-32878,BANK-0600
B00976,2026-05-28,3888.85,PAYMENT PINEHILL DISTRIBUTORS REF INV-27394 (DUP),Pinehill Distributors,INV-27394,BANK-0601
B00784,2026-07-23,3272.99,PAYMENT KESTREL MARKETING GROUP REF INV-67732,Kestrel Marketing Group,INV-67732,BANK-0602
B00682,2026-07-13,233.89,PAYMENT LAKESIDE PROPERTY MGMT REF INV-78490,Lakeside Property Mgmt,INV-78490,BANK-0603
B00275,2026-06-28,4121.1,PAYMENT TRAILMARK EQUIPMENT RENTAL REF INV-19564,Trailmark Equipment Rental,INV-19564,BANK-0604
B01050,2026-06-18,3530.87,PAYMENT ORCHARD GROVE BAKERY REF INV-6,,,BANK-0605
B00623,2026-06-11,198.75,PAYMENT AURORA TEXTILES LTD REF INV-88234,Aurora Textiles Ltd,INV-88234,BANK-0606
B00457,2026-05-22,7494.76,PAYMENT EVERLINE MANUFACTURING REF INV-58193,Everline Manufacturing,INV-58193,BANK-0607
B00502,2026-07-12,32512.15,PAYMENT PRAIRIE WIND ENERGY REF INV-23645,Prairie Wind Energy,INV-23645,BANK-0608
B00909,2026-05-14,8691.22,PARTIAL PMT GRANITE POINT CONSULTING REF INV-67878,Granite Point Consulting,INV-67878,BANK-0609
B00525,2026-06-19,193.89,PAYMENT QUORUM LEGAL ADVISORS REF INV-82923,Quorum Legal Advisors,INV-82923,BANK-0610
B00844,2026-05-03,9613.03,WIRE RECEIVED FENWICK OFFICE SOLUTIONS REF INV-85701,Fenwick Office Solutions,INV-85701,BANK-0611
B00099,2026-05-12,246.01,PAYMENT GLACIER POINT BANK REF INV-46559,Glacier Point Bank,INV-46559,BANK-0612
B00368,2026-05-05,29436.38,PAYMENT EVERLINE MANUFACTURING REF INV-33508,Everline Manufacturing,INV-33508,BANK-0613
B00135,2026-07-05,22261.37,PAYMENT HOLLOW CREEK FARMS REF INV-27892,Hollow Creek Farms,INV-27892,BANK-0614
B00318,2026-05-21,779.56,PAYMENT YELLOWBRICK MEDIA REF INV-63138,Yellowbrick Media,INV-63138,BANK-0615
B00443,2026-06-07,3231.17,PAYMENT TRAILMARK EQUIPMENT RENTAL REF INV-94694,Trailmark Equipment Rental,INV-94694,BANK-0616
B00503,2026-05-22,3854.04,PAYMENT IVY & OAK PRINT SHOP REF INV-93386,Ivy & Oak Print Shop,INV-93386,BANK-0617
B00306,2026-07-27,73.62,PAYMENT OAKSTONE REALTY HOLDINGS REF INV-28018,Oakstone Realty Holdings,INV-28018,BANK-0618
B00124,2026-07-15,35343.43,PAYMENT QUORUM LEGAL ADVISORS REF INV-12719,Quorum Legal Advisors,INV-12719,BANK-0619
B00659,2026-07-12,12165.01,PAYMENT KESTREL MARKETING GROUP REF INV-96430,Kestrel Marketing Group,INV-96430,BANK-0620
B00666,2026-05-10,52.97,PAYMENT PRAIRIE WIND ENERGY REF INV-77441,Prairie Wind Energy,INV-77441,BANK-0621
B00413,2026-06-26,27127.66,PAYMENT JASPER METALS CORP REF INV-74054,Jasper Metals Corp,INV-74054,BANK-0622
B00984,2026-07-07,818.14,PAYMENT AURORA TEXTILES LTD REF INV-14287 (DUP),Aurora Textiles Ltd,INV-14287,BANK-0623
B00167,2026-07-29,35171.88,PAYMENT LAKESIDE PROPERTY MGMT REF INV-80804,Lakeside Property Mgmt,INV-80804,BANK-0624
B00214,2026-06-27,194.69,PAYMENT MERIDIAN SOFTWARE INC REF INV-23566,Meridian Software Inc,INV-23566,BANK-0625
B00865,2026-06-06,498.17,WIRE RECEIVED MARROW FITNESS STUDIOS REF INV-14087,Marrow Fitness Studios,INV-14087,BANK-0626
B01024,2026-05-18,202.41,PAYMENTF OXGLOVE DESIGN CO REF INV-98867,,,BANK-0627
B00632,2026-05-13,183.4,PAYMENT CEDAR & VINE SUPPLY CO REF INV-31940,Cedar & Vine Supply Co,INV-31940,BANK-0628
B01002,2026-06-06,451.36,PAYMENT MERIDIAN SOFTWARE INC REF INV-20085 (DUP),Meridian Software Inc,INV-20085,BANK-0629
B00183,2026-06-22,374.38,PAYMENT MARROW FITNESS STUDIOS REF INV-54424,Marrow Fitness Studios,INV-54424,BANK-0630
B00978,2026-07-25,3414.38,PAYMENT WESTGATE FACILITIES MGMT REF INV-49955 (DUP),Westgate Facilities Mgmt,INV-49955,BANK-0631
B00409,2026-06-23,2179.88,PAYMENT TRAILMARK EQUIPMENT RENTAL REF INV-88174,Trailmark Equipment Rental,INV-88174,BANK-0632
B00095,2026-06-14,412.49,PAYMENT PRAIRIE WIND ENERGY REF INV-79827,Prairie Wind Energy,INV-79827,BANK-0633
B00761,2026-05-15,26062.66,PAYMENT IVY & OAK PRINT SHOP REF INV-83140,Ivy & Oak Print Shop,INV-83140,BANK-0634
B00930,2026-07-20,685.62,PARTIAL PMT EVERLINE MANUFACTURING REF INV-16003,Everline Manufacturing,INV-16003,BANK-0635
B01015,2026-05-22,712.94,PAYMENT SOLACE HEALTH SYSTEMS REF INV-91085,Solace Health Systems,INV-91085,BANK-0636
B00073,2026-07-29,30905.19,PAYMENT EVERLINE MANUFACTURING REF INV-60328,Everline Manufacturing,INV-60328,BANK-0637
B00057,2026-06-01,35145.82,PAYMENT VANTERRA CHEMICALS REF INV-44970,Vanterra Chemicals,INV-44970,BANK-0638
B00331,2026-06-20,10338.49,PAYMENT LAKESIDE PROPERTY MGMT REF INV-79316,Lakeside Property Mgmt,INV-79316,BANK-0639
B00729,2026-07-09,3485.97,PAYMENT KESTREL MARKETING GROUP REF INV-80855,Kestrel Marketing Group,INV-80855,BANK-0640
B00050,2026-06-02,3354.07,PAYMENT VANTERRA CHEMICALS REF INV-16658,Vanterra Chemicals,INV-16658,BANK-0641
B00217,2026-05-09,735.64,PAYMENT VANTERRA CHEMICALS REF INV-53213,Vanterra Chemicals,INV-53213,BANK-0642
B00133,2026-06-29,56.15,PAYMENT MARROW FITNESS STUDIOS REF INV-25396,Marrow Fitness Studios,INV-25396,BANK-0643
B00583,2026-05-12,4525.37,PAYMENT KESTREL MARKETING GROUP REF INV-58840,Kestrel Marketing Group,INV-58840,BANK-0644
B00333,2026-06-14,2206.74,PAYMENT LAKESIDE PROPERTY MGMT REF INV-30332,Lakeside Property Mgmt,INV-30332,BANK-0645
B00464,2026-06-08,14030.2,PAYMENT FENWICK OFFICE SOLUTIONS REF INV-91620,Fenwick Office Solutions,INV-91620,BANK-0646
B00638,2026-07-14,32825.72,PAYMENT HARBOR STATE INSURANCE REF INV-15965,Harbor State Insurance,INV-15965,BANK-0647
B00045,2026-05-10,54.19,PAYMENT EVERLINE MANUFACTURING REF INV-80468,Everline Manufacturing,INV-80468,BANK-0648
B00338,2026-07-16,30924.97,PAYMENT SOLACE HEALTH SYSTEMS REF INV-98150,Solace Health Systems,INV-98150,BANK-0649
B00824,2026-05-05,25476.31,WIRE RECEIVED NIGHTSHADE SECURITY REF INV-22206,Nightshade Security,INV-22206,BANK-0650
B00892,2026-07-20,1201.37,PARTIAL PMT GRANITE POINT CONSULTING REF INV-95467,Granite Point Consulting,INV-95467,BANK-0651
B00276,2026-07-17,2370.3,PAYMENT DELTA FREIGHT PARTNERS REF INV-28830,Delta Freight Partners,INV-28830,BANK-0652
B00908,2026-07-21,81.77,PARTIAL PMT QUORUM LEGAL ADVISORS REF INV-61463,Quorum Legal Advisors,INV-61463,BANK-0653
B00835,2026-05-08,2883.73,WIRE RECEIVED GLACIER POINT BANK REF INV-78298,Glacier Point Bank,INV-78298,BANK-0654
B00492,2026-05-04,21145.24,PAYMENT ORCHARD GROVE BAKERY REF INV-56095,Orchard Grove Bakery,INV-56095,BANK-0655
B00472,2026-06-11,22682.87,PAYMENT QUORUM LEGAL ADVISORS REF INV-51688,Quorum Legal Advisors,INV-51688,BANK-0656
B00084,2026-05-04,2697.03,PAYMENT PRAIRIE WIND ENERGY REF INV-60968,Prairie Wind Energy,INV-60968,BANK-0657
B01004,2026-05-27,124.14,PAYMENT GRANITE POINT CONSULTING REF INV-78247 (DUP),Granite Point Consulting,INV-78247,BANK-0658
B00158,2026-06-23,1091.35,PAYMENT ORCHARD GROVE BAKERY REF INV-33021,Orchard Grove Bakery,INV-33021,BANK-0659
B00836,2026-07-27,295.35,WIRE RECEIVED TRAILMARK EQUIPMENT RENTAL REF INV-53479,Trailmark Equipment Rental,INV-53479,BANK-0660
B00109,2026-05-17,5636.68,PAYMENT SOLACE HEALTH SYSTEMS REF INV-45954,Solace Health Systems,INV-45954,BANK-0661
B00605,2026-07-01,47088.87,PAYMENT AURORA TEXTILES LTD REF INV-76628,Aurora Textiles Ltd,INV-76628,BANK-0662
B00383,2026-05-26,27311.11,PAYMENT QUORUM LEGAL ADVISORS REF INV-70012,Quorum Legal Advisors,INV-70012,BANK-0663
B00404,2026-06-05,316.49,PAYMENT FOXGLOVE DESIGN CO REF INV-18200,Foxglove Design Co,INV-18200,BANK-0664
B00990,2026-06-16,2145.16,PAYMENT DELTA FREIGHT PARTNERS REF INV-32972 (DUP),Delta Freight Partners,INV-32972,BANK-0665
B00292,2026-07-28,993.22,PAYMENT YELLOWBRICK MEDIA REF INV-92478,Yellowbrick Media,INV-92478,BANK-0666
B00027,2026-06-27,24714.5,PAYMENT COBALT FREIGHT LINES REF INV-25860,Cobalt Freight Lines,INV-25860,BANK-0667
B00337,2026-05-18,247.53,PAYMENT COBALT FREIGHT LINES REF INV-76046,Cobalt Freight Lines,INV-76046,BANK-0668
B00097,2026-07-30,2129.85,PAYMENT GRANITE POINT CONSULTING REF INV-30052,Granite Point Consulting,INV-30052,BANK-0669
B00511,2026-05-27,2453.9,PAYMENT KESTREL MARKETING GROUP REF INV-34901,Kestrel Marketing Group,INV-34901,BANK-0670
B00253,2026-07-18,690.6,PAYMENT FOXGLOVE DESIGN CO REF INV-67008,Foxglove Design Co,INV-67008,BANK-0671
B00079,2026-06-12,848.68,PAYMENT PINEHILL DISTRIBUTORS REF INV-51904,Pinehill Distributors,INV-51904,BANK-0672
B00427,2026-06-28,311.88,PAYMENT UMBRA DIGITAL STUDIO REF INV-93209,Umbra Digital Studio,INV-93209,BANK-0673
B00686,2026-06-09,2165.96,PAYMENT MARROW FITNESS STUDIOS REF INV-85713,Marrow Fitness Studios,INV-85713,BANK-0674
B01044,2026-06-24,359.62,PAYMENT JUNCTION ANALYTICS REF I,,INV-24643,BANK-0675
B00838,2026-06-10,2227.78,WIRE RECEIVED KESTREL MARKETING GROUP REF INV-14145,Kestrel Marketing Group,INV-14145,BANK-0676
B00005,2026-05-12,175.04,PAYMENT VANTERRA CHEMICALS REF INV-59797,Vanterra Chemicals,INV-59797,BANK-0677
B00598,2026-07-16,19938.77,PAYMENT DELTA FREIGHT PARTNERS REF INV-72014,Delta Freight Partners,INV-72014,BANK-0678
B00788,2026-07-30,387.66,PAYMENT KINGFISHER CABLE CO REF INV-59362,Kingfisher Cable Co,INV-59362,BANK-0679
B00600,2026-06-17,18139.26,PAYMENT WESTGATE FACILITIES MGMT REF INV-23935,Westgate Facilities Mgmt,INV-23935,BANK-0680
B00680,2026-07-29,31507.16,PAYMENT HOLLOW CREEK FARMS REF INV-85513,Hollow Creek Farms,INV-85513,BANK-0681
B00577,2026-05-06,487.9,PAYMENT KINGFISHER CABLE CO REF INV-81845,Kingfisher Cable Co,INV-81845,BANK-0682
B00280,2026-05-21,416.07,PAYMENT KESTREL MARKETING GROUP REF INV-75308,Kestrel Marketing Group,INV-75308,BANK-0683
B01035,2026-06-03,2127.92,PAYMENT EVERLINE MANUFACTURINGR EF INV-92312,,INV-92312,BANK-0684
B00853,2026-05-04,3476.35,WIRE RECEIVED LUMEN ENERGY SERVICES REF INV-18567,Lumen Energy Services,INV-18567,BANK-0685
B00914,2026-07-16,839.03,PARTIAL PMT CEDAR & VINE SUPPLY CO REF INV-10485,Cedar & Vine Supply Co,INV-10485,BANK-0686
B00291,2026-06-30,2895.53,PAYMENT JASPER METALS CORP REF INV-12180,Jasper Metals Corp,INV-12180,BANK-0687
B00829,2026-07-18,2810.02,WIRE RECEIVED REDSTONE CONTRACTING REF INV-40503,Redstone Contracting,INV-40503,BANK-0688
B00096,2026-06-23,347.68,PAYMENT EMBERLINE FOODS REF INV-74251,Emberline Foods,INV-74251,BANK-0689
B00358,2026-06-17,1179.63,PAYMENT OAKSTONE REALTY HOLDINGS REF INV-17923,Oakstone Realty Holdings,INV-17923,BANK-0690
B00127,2026-06-12,233.76,PAYMENT WESTGATE FACILITIES MGMT REF INV-63955,Westgate Facilities Mgmt,INV-63955,BANK-0691
B00152,2026-05-26,2409.39,PAYMENT TRAILMARK EQUIPMENT RENTAL REF INV-60422,Trailmark Equipment Rental,INV-60422,BANK-0692
B00116,2026-07-20,77.1,PAYMENT REDSTONE CONTRACTING REF INV-37659,Redstone Contracting,INV-37659,BANK-0693
B00748,2026-05-30,359.78,PAYMENT HOLLOW CREEK FARMS REF INV-21980,Hollow Creek Farms,INV-21980,BANK-0694
B00469,2026-07-29,1541.63,PAYMENT FENWICK OFFICE SOLUTIONS REF INV-58823,Fenwick Office Solutions,INV-58823,BANK-0695
B00497,2026-07-15,2181.16,PAYMENT YELLOWBRICK MEDIA REF INV-23242,Yellowbrick Media,INV-23242,BANK-0696
B00575,2026-07-05,171.49,PAYMENT KINGFISHER CABLE CO REF INV-90962,Kingfisher Cable Co,INV-90962,BANK-0697
B00366,2026-07-07,340.21,PAYMENT EMBERLINE FOODS REF INV-15577,Emberline Foods,INV-15577,BANK-0698
B00453,2026-07-24,7476.29,PAYMENT EMBERLINE FOODS REF INV-33022,Emberline Foods,INV-33022,BANK-0699
B00042,2026-07-19,473.72,PAYMENT HARBOR STATE INSURANCE REF INV-20745,Harbor State Insurance,INV-20745,BANK-0700
B00823,2026-07-29,35220.26,WIRE RECEIVED GRANITE POINT CONSULTING REF INV-87983,Granite Point Consulting,INV-87983,BANK-0701
B00119,2026-07-15,16904.96,PAYMENT GLACIER POINT BANK REF INV-96662,Glacier Point Bank,INV-96662,BANK-0702
B00723,2026-08-05,1526.98,PAYMENT FENWICK OFFICE SOLUTIONS REF INV-89349,Fenwick Office Solutions,INV-89349,BANK-0703
B00479,2026-06-21,77.75,PAYMENT AURORA TEXTILES LTD REF INV-58790,Aurora Textiles Ltd,INV-58790,BANK-0704
B00168,2026-05-13,44843.62,PAYMENT DRIFTWOOD CAFÉ GROUP REF INV-74139,Driftwood Café Group,INV-74139,BANK-0705
B00738,2026-06-13,327.98,PAYMENT GLACIER POINT BANK REF INV-29942,Glacier Point Bank,INV-29942,BANK-0706
B00482,2026-06-20,24492.04,PAYMENT GLACIER POINT BANK REF INV-75028,Glacier Point Bank,INV-75028,BANK-0707
B00037,2026-06-03,1240.87,PAYMENT COBALT FREIGHT LINES REF INV-69638,Cobalt Freight Lines,INV-69638,BANK-0708
B00188,2026-05-20,320.18,PAYMENT SOLACE HEALTH SYSTEMS REF INV-96079,Solace Health Systems,INV-96079,BANK-0709
B00236,2026-07-18,1124.57,PAYMENT HOLLOW CREEK FARMS REF INV-10688,Hollow Creek Farms,INV-10688,BANK-0710
B01007,2026-05-03,249.74,PAYMENT DRIFTWOOD CAFÉ GROUP REF INV-40451,Driftwood Café Group,INV-40451,BANK-0711
B00846,2026-05-14,10130.25,WIRE RECEIVED HARBOR STATE INSURANCE REF INV-37076,Harbor State Insurance,INV-37076,BANK-0712
B01059,2026-07-05,3500.05,REFUND - UNSPECIFIED,Cobalt Freight Lines,,BANK-0713
B00055,2026-07-19,2091.55,PAYMENT PINEHILL DISTRIBUTORS REF INV-30257,Pinehill Distributors,INV-30257,BANK-0714
B00451,2026-07-22,42553.69,PAYMENT UMBRA DIGITAL STUDIO REF INV-18665,Umbra Digital Studio,INV-18665,BANK-0715
B00652,2026-06-15,1992.03,PAYMENT IRONWOOD MATERIALS REF INV-50038,Ironwood Materials,INV-50038,BANK-0716
B00674,2026-05-22,1318.48,PAYMENT ORCHARD GROVE BAKERY REF INV-99861,Orchard Grove Bakery,INV-99861,BANK-0717
B00570,2026-07-04,38033.45,PAYMENT OAKSTONE REALTY HOLDINGS REF INV-32149,Oakstone Realty Holdings,INV-32149,BANK-0718
B00155,2026-07-17,385.33,PAYMENT PRAIRIE WIND ENERGY REF INV-56179,Prairie Wind Energy,INV-56179,BANK-0719
B00980,2026-06-28,366.49,PAYMENT KESTREL MARKETING GROUP REF INV-70786 (DUP),Kestrel Marketing Group,INV-70786,BANK-0720
B00324,2026-05-15,1240.42,PAYMENT NIGHTSHADE SECURITY REF INV-99167,Nightshade Security,INV-99167,BANK-0721
B00169,2026-05-28,4781.85,PAYMENT REDSTONE CONTRACTING REF INV-68115,Redstone Contracting,INV-68115,BANK-0722
B01043,2026-05-04,4865.5,PAYMENT PRAIRIE WIND ENERGY REF IN,,INV-25544,BANK-0723
B00839,2026-06-08,2707.37,WIRE RECEIVED RIVERBEND HARDWARE REF INV-38329,Riverbend Hardware,INV-38329,BANK-0724
B00530,2026-07-17,23133.83,PAYMENT PRAIRIE WIND ENERGY REF INV-99235,Prairie Wind Energy,INV-99235,BANK-0725
B00271,2026-07-14,33844.43,PAYMENT TRAILMARK EQUIPMENT RENTAL REF INV-30210,Trailmark Equipment Rental,INV-30210,BANK-0726
B00628,2026-05-02,38846.02,PAYMENT KINGFISHER CABLE CO REF INV-25036,Kingfisher Cable Co,INV-25036,BANK-0727
B00270,2026-06-05,33577.57,PAYMENT SOLACE HEALTH SYSTEMS REF INV-26406,Solace Health Systems,INV-26406,BANK-0728
B00816,2026-07-24,2192.07,WIRE RECEIVED KESTREL MARKETING GROUP REF INV-29672,Kestrel Marketing Group,INV-29672,BANK-0729
B00441,2026-07-22,1915.27,PAYMENT WESTGATE FACILITIES MGMT REF INV-21042,Westgate Facilities Mgmt,INV-21042,BANK-0730
B00370,2026-07-26,1582.12,PAYMENT TRAILMARK EQUIPMENT RENTAL REF INV-80852,Trailmark Equipment Rental,INV-80852,BANK-0731
B01058,2026-07-15,37107.22,REFUND - UNSPECIFIED,Emberline Foods,,BANK-0732
B00512,2026-07-24,3749.17,PAYMENT DRIFTWOOD CAFÉ GROUP REF INV-46899,Driftwood Café Group,INV-46899,BANK-0733
B01063,2026-07-03,14086.93,TRANSFER FROM KINGFISHER CABLE CO,Kingfisher Cable Co,,BANK-0734
B00046,2026-06-01,277.65,PAYMENT NORTHFIELD PACKAGING REF INV-58434,Northfield Packaging,INV-58434,BANK-0735
B00321,2026-07-25,46075.86,PAYMENT PRAIRIE WIND ENERGY REF INV-38627,Prairie Wind Energy,INV-38627,BANK-0736
B00120,2026-05-19,2950.53,PAYMENT MERIDIAN SOFTWARE INC REF INV-19359,Meridian Software Inc,INV-19359,BANK-0737
B00751,2026-06-25,13683.44,PAYMENT WESTGATE FACILITIES MGMT REF INV-27659,Westgate Facilities Mgmt,INV-27659,BANK-0738
B00146,2026-07-30,9429.94,PAYMENT OAKSTONE REALTY HOLDINGS REF INV-23173,Oakstone Realty Holdings,INV-23173,BANK-0739
B00444,2026-05-15,4072.0,PAYMENT DELTA FREIGHT PARTNERS REF INV-41599,Delta Freight Partners,INV-41599,BANK-0740
B00544,2026-05-29,460.18,PAYMENT HOLLOW CREEK FARMS REF INV-43081,Hollow Creek Farms,INV-43081,BANK-0741
B00728,2026-05-21,17787.89,PAYMENT ZENITH INDUSTRIAL SUPPLY REF INV-79041,Zenith Industrial Supply,INV-79041,BANK-0742
B00963,2026-07-21,392.15,PAYMENT KESTREL MARKETING GROUP REF INV-90154,Kestrel Marketing Group,INV-90154,BANK-0743
B00966,2026-07-06,2987.4,PAYMENT KESTREL MARKETING GROUP REF INV-74122 (DUP),Kestrel Marketing Group,INV-74122,BANK-0744
B00926,2026-05-05,196.68,PARTIAL PMT IVY & OAK PRINT SHOP REF INV-54470,Ivy & Oak Print Shop,INV-54470,BANK-0745
B00480,2026-05-09,312.05,PAYMENT FENWICK OFFICE SOLUTIONS REF INV-35919,Fenwick Office Solutions,INV-35919,BANK-0746
B00348,2026-06-01,4829.35,PAYMENT NORTHFIELD PACKAGING REF INV-89220,Northfield Packaging,INV-89220,BANK-0747
B01027,2026-05-08,32142.73,PAYM JASP META CORP REF INV-,,,BANK-0748
B01053,2026-05-29,3201.75,TRANSFER FROM ZENITH INDUSTRIAL SUPPLY,Zenith Industrial Supply,,BANK-0749
B00174,2026-05-19,4048.9,PAYMENT VANTERRA CHEMICALS REF INV-27038,Vanterra Chemicals,INV-27038,BANK-0750
B00986,2026-07-13,47574.3,PAYMENT SOLACE HEALTH SYSTEMS REF INV-37151 (DUP),Solace Health Systems,INV-37151,BANK-0751
B00184,2026-07-25,3783.26,PAYMENT GLACIER POINT BANK REF INV-43408,Glacier Point Bank,INV-43408,BANK-0752
B00595,2026-05-03,27381.8,PAYMENT IVY & OAK PRINT SHOP REF INV-23453,Ivy & Oak Print Shop,INV-23453,BANK-0753
B00043,2026-05-27,3043.52,PAYMENT DRIFTWOOD CAFÉ GROUP REF INV-97782,Driftwood Café Group,INV-97782,BANK-0754
B00573,2026-07-29,2211.14,PAYMENT HARBOR STATE INSURANCE REF INV-30070,Harbor State Insurance,INV-30070,BANK-0755
B00136,2026-06-04,23672.41,PAYMENT EVERLINE MANUFACTURING REF INV-10336,Everline Manufacturing,INV-10336,BANK-0756
B00380,2026-06-01,37617.97,PAYMENT SOLACE HEALTH SYSTEMS REF INV-84967,Solace Health Systems,INV-84967,BANK-0757
B01003,2026-05-27,124.14,PAYMENT GRANITE POINT CONSULTING REF INV-78247,Granite Point Consulting,INV-78247,BANK-0758
B00405,2026-05-26,4423.91,PAYMENT NIGHTSHADE SECURITY REF INV-69972,Nightshade Security,INV-69972,BANK-0759
B00310,2026-05-24,663.53,PAYMENT LUMEN ENERGY SERVICES REF INV-47941,Lumen Energy Services,INV-47941,BANK-0760
B00391,2026-06-24,34639.83,PAYMENT IRONWOOD MATERIALS REF INV-59412,Ironwood Materials,INV-59412,BANK-0761
B00635,2026-05-05,1191.9,PAYMENT EVERLINE MANUFACTURING REF INV-21471,Everline Manufacturing,INV-21471,BANK-0762
B00517,2026-06-27,224.39,PAYMENT LAKESIDE PROPERTY MGMT REF INV-15848,Lakeside Property Mgmt,INV-15848,BANK-0763
B01001,2026-06-06,451.36,PAYMENT MERIDIAN SOFTWARE INC REF INV-20085,Meridian Software Inc,INV-20085,BANK-0764
B00006,2026-06-28,211.54,PAYMENT GRANITE POINT CONSULTING REF INV-80284,Granite Point Consulting,INV-80284,BANK-0765
B00047,2026-07-23,36659.3,PAYMENT SOLACE HEALTH SYSTEMS REF INV-79329,Solace Health Systems,INV-79329,BANK-0766
B00767,2026-07-17,3199.62,PAYMENT KESTREL MARKETING GROUP REF INV-58722,Kestrel Marketing Group,INV-58722,BANK-0767
B00727,2026-05-23,9676.78,PAYMENT COBALT FREIGHT LINES REF INV-95830,Cobalt Freight Lines,INV-95830,BANK-0768
B00613,2026-05-02,4522.4,PAYMENT DRIFTWOOD CAFÉ GROUP REF INV-78515,Driftwood Café Group,INV-78515,BANK-0769
B00687,2026-05-16,11213.08,PAYMENT WESTGATE FACILITIES MGMT REF INV-40116,Westgate Facilities Mgmt,INV-40116,BANK-0770
B01014,2026-07-01,454.23,PAYMENT IRONWOOD MATERIALS REF INV-58745 (DUP),Ironwood Materials,INV-58745,BANK-0771
B00363,2026-05-29,30425.1,PAYMENT FENWICK OFFICE SOLUTIONS REF INV-49318,Fenwick Office Solutions,INV-49318,BANK-0772
B00949,2026-07-03,366.47,PARTIAL PMT RIVERBEND HARDWARE REF INV-33111,Riverbend Hardware,INV-33111,BANK-0773
B00241,2026-06-16,35069.67,PAYMENT PINEHILL DISTRIBUTORS REF INV-18870,Pinehill Distributors,INV-18870,BANK-0774
B00945,2026-06-08,22330.08,PARTIAL PMT PRAIRIE WIND ENERGY REF INV-55593,Prairie Wind Energy,INV-55593,BANK-0775
B00920,2026-06-07,2984.96,PARTIAL PMT YELLOWBRICK MEDIA REF INV-94907,Yellowbrick Media,INV-94907,BANK-0776
B00061,2026-05-15,229.86,PAYMENT JASPER METALS CORP REF INV-44237,Jasper Metals Corp,INV-44237,BANK-0777
B00571,2026-06-02,6681.35,PAYMENT HARBOR STATE INSURANCE REF INV-80088,Harbor State Insurance,INV-80088,BANK-0778
B00098,2026-07-08,34270.58,PAYMENT EMBERLINE FOODS REF INV-73372,Emberline Foods,INV-73372,BANK-0779
B00075,2026-06-01,25904.74,PAYMENT LUMEN ENERGY SERVICES REF INV-25906,Lumen Energy Services,INV-25906,BANK-0780
B00263,2026-05-18,407.16,PAYMENT LUMEN ENERGY SERVICES REF INV-41029,Lumen Energy Services,INV-41029,BANK-0781
B00612,2026-07-13,30302.61,PAYMENT UMBRA DIGITAL STUDIO REF INV-97445,Umbra Digital Studio,INV-97445,BANK-0782
B00754,2026-06-25,41873.83,PAYMENT EVERLINE MANUFACTURING REF INV-10094,Everline Manufacturing,INV-10094,BANK-0783
B00434,2026-07-01,243.15,PAYMENT OAKSTONE REALTY HOLDINGS REF INV-20215,Oakstone Realty Holdings,INV-20215,BANK-0784
B00726,2026-07-12,963.54,PAYMENT NORTHFIELD PACKAGING REF INV-13455,Northfield Packaging,INV-13455,BANK-0785
B00393,2026-07-16,36573.54,PAYMENT LAKESIDE PROPERTY MGMT REF INV-93647,Lakeside Property Mgmt,INV-93647,BANK-0786
B00830,2026-05-27,6051.12,WIRE RECEIVED SOLACE HEALTH SYSTEMS REF INV-90649,Solace Health Systems,INV-90649,BANK-0787
B00218,2026-07-17,16339.81,PAYMENT GRANITE POINT CONSULTING REF INV-29709,Granite Point Consulting,INV-29709,BANK-0788
B00969,2026-05-20,45132.02,PAYMENT PINEHILL DISTRIBUTORS REF INV-85196,Pinehill Distributors,INV-85196,BANK-0789
B00408,2026-05-16,3155.76,PAYMENT TRAILMARK EQUIPMENT RENTAL REF INV-41270,Trailmark Equipment Rental,INV-41270,BANK-0790
B00710,2026-07-01,64.65,PAYMENT LAKESIDE PROPERTY MGMT REF INV-77922,Lakeside Property Mgmt,INV-77922,BANK-0791
B00332,2026-06-08,377.54,PAYMENT IRONWOOD MATERIALS REF INV-70686,Ironwood Materials,INV-70686,BANK-0792
B00884,2026-07-04,193.12,PARTIAL PMT VANTERRA CHEMICALS REF INV-64125,Vanterra Chemicals,INV-64125,BANK-0793
B00481,2026-05-16,913.9,PAYMENT FOXGLOVE DESIGN CO REF INV-15596,Foxglove Design Co,INV-15596,BANK-0794
B00011,2026-07-21,1601.65,PAYMENT KESTREL MARKETING GROUP REF INV-83000,Kestrel Marketing Group,INV-83000,BANK-0795
B00088,2026-06-02,3925.53,PAYMENT GLACIER POINT BANK REF INV-20735,Glacier Point Bank,INV-20735,BANK-0796
B00470,2026-07-21,488.55,PAYMENT GLACIER POINT BANK REF INV-61688,Glacier Point Bank,INV-61688,BANK-0797
B00946,2026-06-09,25433.33,PARTIAL PMT PRAIRIE WIND ENERGY REF INV-55593,Prairie Wind Energy,INV-55593,BANK-0798
B00701,2026-08-05,3964.85,PAYMENT ZENITH INDUSTRIAL SUPPLY REF INV-86916,Zenith Industrial Supply,INV-86916,BANK-0799
B00597,2026-06-13,3030.5,PAYMENT TRAILMARK EQUIPMENT RENTAL REF INV-57624,Trailmark Equipment Rental,INV-57624,BANK-0800
B00379,2026-06-19,2993.99,PAYMENT BLUEPEAK LOGISTICS REF INV-11617,Bluepeak Logistics,INV-11617,BANK-0801
B00255,2026-05-19,280.89,PAYMENT YELLOWBRICK MEDIA REF INV-89635,Yellowbrick Media,INV-89635,BANK-0802
B00462,2026-05-29,217.76,PAYMENT NIGHTSHADE SECURITY REF INV-77603,Nightshade Security,INV-77603,BANK-0803
B00850,2026-07-08,41757.86,WIRE RECEIVED FOXGLOVE DESIGN CO REF INV-20295,Foxglove Design Co,INV-20295,BANK-0804
B00972,2026-07-04,49607.31,PAYMENT AURORA TEXTILES LTD REF INV-14406 (DUP),Aurora Textiles Ltd,INV-14406,BANK-0805
B00893,2026-06-29,565.01,PARTIAL PMT RIVERBEND HARDWARE REF INV-98511,Riverbend Hardware,INV-98511,BANK-0806
B00298,2026-06-15,28990.72,PAYMENT UMBRA DIGITAL STUDIO REF INV-98587,Umbra Digital Studio,INV-98587,BANK-0807
B00030,2026-07-13,157.1,PAYMENT JASPER METALS CORP REF INV-85525,Jasper Metals Corp,INV-85525,BANK-0808
B00150,2026-07-25,2575.17,PAYMENT ORCHARD GROVE BAKERY REF INV-11231,Orchard Grove Bakery,INV-11231,BANK-0809
B00419,2026-07-18,20778.39,PAYMENT NORTHFIELD PACKAGING REF INV-92938,Northfield Packaging,INV-92938,BANK-0810
B01051,2026-05-18,25965.58,TRANSFER FROM HARBOR STATE INSURANCE,Harbor State Insurance,,BANK-0811
B00429,2026-07-12,195.29,PAYMENT RIVERBEND HARDWARE REF INV-73614,Riverbend Hardware,INV-73614,BANK-0812
B00194,2026-06-11,2541.41,PAYMENT NORTHFIELD PACKAGING REF INV-84395,Northfield Packaging,INV-84395,BANK-0813
B00694,2026-05-22,36430.24,PAYMENT CEDAR & VINE SUPPLY CO REF INV-98345,Cedar & Vine Supply Co,INV-98345,BANK-0814
B01061,2026-05-04,8070.29,INTEREST PAYMENT,Bluepeak Logistics,,BANK-0815
B00290,2026-07-15,2268.3,PAYMENT REDSTONE CONTRACTING REF INV-54089,Redstone Contracting,INV-54089,BANK-0816
B00221,2026-07-27,42303.15,PAYMENT VANTERRA CHEMICALS REF INV-78995,Vanterra Chemicals,INV-78995,BANK-0817
B00848,2026-05-04,3256.01,WIRE RECEIVED KESTREL MARKETING GROUP REF INV-71700,Kestrel Marketing Group,INV-71700,BANK-0818
B00212,2026-07-04,9063.34,PAYMENT EVERLINE MANUFACTURING REF INV-60394,Everline Manufacturing,INV-60394,BANK-0819
B00442,2026-05-04,32341.69,PAYMENT PINEHILL DISTRIBUTORS REF INV-96298,Pinehill Distributors,INV-96298,BANK-0820
B00894,2026-06-30,377.24,PARTIAL PMT RIVERBEND HARDWARE REF INV-98511,Riverbend Hardware,INV-98511,BANK-0821
B00392,2026-07-04,31200.98,PAYMENT EVERLINE MANUFACTURING REF INV-64827,Everline Manufacturing,INV-64827,BANK-0822
B00928,2026-07-27,2646.19,PARTIAL PMT COBALT FREIGHT LINES REF INV-80328,Cobalt Freight Lines,INV-80328,BANK-0823
B00765,2026-08-04,974.81,PAYMENT MARROW FITNESS STUDIOS REF INV-97194,Marrow Fitness Studios,INV-97194,BANK-0824
B00295,2026-06-26,64.21,PAYMENT PINEHILL DISTRIBUTORS REF INV-51116,Pinehill Distributors,INV-51116,BANK-0825
B00273,2026-05-27,30954.71,PAYMENT FENWICK OFFICE SOLUTIONS REF INV-84991,Fenwick Office Solutions,INV-84991,BANK-0826
B00801,2026-07-21,2336.57,WIRE RECEIVED UMBRA DIGITAL STUDIO REF INV-45887,Umbra Digital Studio,INV-45887,BANK-0827
B00196,2026-06-23,3478.72,PAYMENT FENWICK OFFICE SOLUTIONS REF INV-45804,Fenwick Office Solutions,INV-45804,BANK-0828
B00209,2026-06-10,19544.37,PAYMENT NIGHTSHADE SECURITY REF INV-29786,Nightshade Security,INV-29786,BANK-0829
B00899,2026-07-16,114.63,PARTIAL PMT BLUEPEAK LOGISTICS REF INV-93634,Bluepeak Logistics,INV-93634,BANK-0830
B00866,2026-06-18,33120.01,WIRE RECEIVED PINEHILL DISTRIBUTORS REF INV-67041,Pinehill Distributors,INV-67041,BANK-0831
B00122,2026-07-04,1868.41,PAYMENT HARBOR STATE INSURANCE REF INV-80776,Harbor State Insurance,INV-80776,BANK-0832
B00507,2026-07-23,26577.02,PAYMENT WESTGATE FACILITIES MGMT REF INV-39567,Westgate Facilities Mgmt,INV-39567,BANK-0833
B00690,2026-05-09,420.46,PAYMENT FENWICK OFFICE SOLUTIONS REF INV-44483,Fenwick Office Solutions,INV-44483,BANK-0834
B00924,2026-06-02,20357.65,PARTIAL PMT MERIDIAN SOFTWARE INC REF INV-74124,Meridian Software Inc,INV-74124,BANK-0835
B00792,2026-07-04,448.59,WIRE RECEIVED GRANITE POINT CONSULTING REF INV-70029,Granite Point Consulting,INV-70029,BANK-0836
B00446,2026-07-27,23938.86,PAYMENT IRONWOOD MATERIALS REF INV-32645,Ironwood Materials,INV-32645,BANK-0837
B00539,2026-06-17,228.62,PAYMENT JASPER METALS CORP REF INV-74066,Jasper Metals Corp,INV-74066,BANK-0838
B00736,2026-08-03,28247.45,PAYMENT QUORUM LEGAL ADVISORS REF INV-47313,Quorum Legal Advisors,INV-47313,BANK-0839
B00015,2026-06-21,24279.52,PAYMENT MARROW FITNESS STUDIOS REF INV-57447,Marrow Fitness Studios,INV-57447,BANK-0840
B00121,2026-06-06,38703.1,PAYMENT DELTA FREIGHT PARTNERS REF INV-67560,Delta Freight Partners,INV-67560,BANK-0841
B00581,2026-06-07,258.92,PAYMENT QUORUM LEGAL ADVISORS REF INV-57214,Quorum Legal Advisors,INV-57214,BANK-0842
B00175,2026-05-17,162.79,PAYMENT LAKESIDE PROPERTY MGMT REF INV-11947,Lakeside Property Mgmt,INV-11947,BANK-0843
B00872,2026-07-30,214.13,WIRE RECEIVED RIVERBEND HARDWARE REF INV-58310,Riverbend Hardware,INV-58310,BANK-0844
B00858,2026-07-13,268.64,WIRE RECEIVED VANTERRA CHEMICALS REF INV-73783,Vanterra Chemicals,INV-73783,BANK-0845
B00153,2026-07-29,2216.14,PAYMENT HOLLOW CREEK FARMS REF INV-48696,Hollow Creek Farms,INV-48696,BANK-0846
B00883,2026-07-03,299.71,PARTIAL PMT VANTERRA CHEMICALS REF INV-64125,Vanterra Chemicals,INV-64125,BANK-0847
B00615,2026-05-27,1158.93,PAYMENT SOLACE HEALTH SYSTEMS REF INV-80932,Solace Health Systems,INV-80932,BANK-0848
B00440,2026-07-15,436.98,PAYMENT FOXGLOVE DESIGN CO REF INV-60335,Foxglove Design Co,INV-60335,BANK-0849
B00633,2026-05-28,14485.17,PAYMENT LAKESIDE PROPERTY MGMT REF INV-99837,Lakeside Property Mgmt,INV-99837,BANK-0850
B00910,2026-05-14,6136.17,PARTIAL PMT GRANITE POINT CONSULTING REF INV-67878,Granite Point Consulting,INV-67878,BANK-0851
B00051,2026-05-17,4232.07,PAYMENT FENWICK OFFICE SOLUTIONS REF INV-93507,Fenwick Office Solutions,INV-93507,BANK-0852
B00173,2026-05-28,29939.35,PAYMENT NIGHTSHADE SECURITY REF INV-40539,Nightshade Security,INV-40539,BANK-0853
B00719,2026-06-25,302.16,PAYMENT YELLOWBRICK MEDIA REF INV-56018,Yellowbrick Media,INV-56018,BANK-0854
B00269,2026-06-14,186.86,PAYMENT JUNCTION ANALYTICS REF INV-78012,Junction Analytics,INV-78012,BANK-0855
B00875,2026-06-13,31079.54,WIRE RECEIVED EVERLINE MANUFACTURING REF INV-80127,Everline Manufacturing,INV-80127,BANK-0856
B00474,2026-06-15,23293.06,PAYMENT GRANITE POINT CONSULTING REF INV-37215,Granite Point Consulting,INV-37215,BANK-0857
B00092,2026-05-15,32326.14,PAYMENT QUORUM LEGAL ADVISORS REF INV-31465,Quorum Legal Advisors,INV-31465,BANK-0858
B00235,2026-05-05,427.63,PAYMENT GRANITE POINT CONSULTING REF INV-47601,Granite Point Consulting,INV-47601,BANK-0859
B01048,2026-05-13,401.36,PAYMENT JASPER METALS CORP REF INV-8,,,BANK-0860
B00627,2026-05-28,3485.01,PAYMENT OAKSTONE REALTY HOLDINGS REF INV-91039,Oakstone Realty Holdings,INV-91039,BANK-0861
B00663,2026-07-09,38385.94,PAYMENT KINGFISHER CABLE CO REF INV-84732,Kingfisher Cable Co,INV-84732,BANK-0862
B00572,2026-05-03,34788.65,PAYMENT REDSTONE CONTRACTING REF INV-16322,Redstone Contracting,INV-16322,BANK-0863
B00024,2026-05-09,4761.27,PAYMENT PINEHILL DISTRIBUTORS REF INV-79822,Pinehill Distributors,INV-79822,BANK-0864
B01018,2026-07-28,48794.27,PAYMENT KESTREL MARKETING GROUP REF INV-97340 (DUP),Kestrel Marketing Group,INV-97340,BANK-0865
B01056,2026-05-22,114.52,MISC CREDIT HARBOR STATE INSURANCE,Harbor State Insurance,,BANK-0866
B00585,2026-05-08,10087.55,PAYMENT DRIFTWOOD CAFÉ GROUP REF INV-30892,Driftwood Café Group,INV-30892,BANK-0867
B00855,2026-07-23,265.83,WIRE RECEIVED IRONWOOD MATERIALS REF INV-19296,Ironwood Materials,INV-19296,BANK-0868
B00387,2026-06-11,380.69,PAYMENT SOLACE HEALTH SYSTEMS REF INV-59290,Solace Health Systems,INV-59290,BANK-0869
B00981,2026-07-20,2324.12,PAYMENT IRONWOOD MATERIALS REF INV-70856,Ironwood Materials,INV-70856,BANK-0870
B00187,2026-06-24,23486.39,PAYMENT MARROW FITNESS STUDIOS REF INV-16743,Marrow Fitness Studios,INV-16743,BANK-0871
B01021,2026-06-10,36821.05,PAYMENT QUORUM LEGAL ADVISORS REF INV,,,BANK-0872
B00425,2026-05-10,1709.23,PAYMENT JUNCTION ANALYTICS REF INV-93050,Junction Analytics,INV-93050,BANK-0873
B01070,2026-06-14,3157.09,MISC CREDIT UMBRA DIGITAL STUDIO,Umbra Digital Studio,,BANK-0874
B00204,2026-06-21,15949.24,PAYMENT YELLOWBRICK MEDIA REF INV-78676,Yellowbrick Media,INV-78676,BANK-0875
B00289,2026-05-18,11702.33,PAYMENT VANTERRA CHEMICALS REF INV-52987,Vanterra Chemicals,INV-52987,BANK-0876
B01009,2026-06-11,20425.66,PAYMENT KINGFISHER CABLE CO REF INV-73720,Kingfisher Cable Co,INV-73720,BANK-0877
B00336,2026-06-01,65.11,PAYMENT PRAIRIE WIND ENERGY REF INV-15798,Prairie Wind Energy,INV-15798,BANK-0878
B00847,2026-07-13,11341.53,WIRE RECEIVED LAKESIDE PROPERTY MGMT REF INV-42089,Lakeside Property Mgmt,INV-42089,BANK-0879
B00608,2026-05-18,229.04,PAYMENT RIVERBEND HARDWARE REF INV-64099,Riverbend Hardware,INV-64099,BANK-0880
B00704,2026-07-07,353.16,PAYMENT COBALT FREIGHT LINES REF INV-56338,Cobalt Freight Lines,INV-56338,BANK-0881
B00178,2026-05-06,14969.74,PAYMENT JASPER METALS CORP REF INV-96363,Jasper Metals Corp,INV-96363,BANK-0882
B00267,2026-07-21,44508.21,PAYMENT GLACIER POINT BANK REF INV-87042,Glacier Point Bank,INV-87042,BANK-0883
B00137,2026-07-02,31096.55,PAYMENT SOLACE HEALTH SYSTEMS REF INV-29476,Solace Health Systems,INV-29476,BANK-0884
B00753,2026-07-26,2064.49,PAYMENT NIGHTSHADE SECURITY REF INV-31016,Nightshade Security,INV-31016,BANK-0885
B00490,2026-05-08,29016.03,PAYMENT GRANITE POINT CONSULTING REF INV-38758,Granite Point Consulting,INV-38758,BANK-0886
B00463,2026-06-09,810.17,PAYMENT CEDAR & VINE SUPPLY CO REF INV-52899,Cedar & Vine Supply Co,INV-52899,BANK-0887
B00328,2026-06-30,205.04,PAYMENT EMBERLINE FOODS REF INV-14159,Emberline Foods,INV-14159,BANK-0888
B00812,2026-07-29,13056.76,WIRE RECEIVED FOXGLOVE DESIGN CO REF INV-81618,Foxglove Design Co,INV-81618,BANK-0889
B00421,2026-06-07,12576.98,PAYMENT WESTGATE FACILITIES MGMT REF INV-47923,Westgate Facilities Mgmt,INV-47923,BANK-0890
B00703,2026-06-07,2824.27,PAYMENT DRIFTWOOD CAFÉ GROUP REF INV-22190,Driftwood Café Group,INV-22190,BANK-0891
B00609,2026-07-10,18451.09,PAYMENT PRAIRIE WIND ENERGY REF INV-51144,Prairie Wind Energy,INV-51144,BANK-0892
B01029,2026-06-24,383.69,PAYMENT FOXGLOVE DESIGN CO REF INV-642,,INV-64289,BANK-0893
B00134,2026-06-23,3724.71,PAYMENT JUNCTION ANALYTICS REF INV-73242,Junction Analytics,INV-73242,BANK-0894
B00782,2026-05-15,19553.52,PAYMENT PINEHILL DISTRIBUTORS REF INV-98047,Pinehill Distributors,INV-98047,BANK-0895
B00665,2026-07-02,1503.05,PAYMENT ZENITH INDUSTRIAL SUPPLY REF INV-73191,Zenith Industrial Supply,INV-73191,BANK-0896
B00851,2026-06-28,41088.32,WIRE RECEIVED GLACIER POINT BANK REF INV-50683,Glacier Point Bank,INV-50683,BANK-0897
B00787,2026-06-02,14405.43,PAYMENT TRAILMARK EQUIPMENT RENTAL REF INV-81620,Trailmark Equipment Rental,INV-81620,BANK-0898
B00731,2026-07-11,3379.04,PAYMENT NIGHTSHADE SECURITY REF INV-39770,Nightshade Security,INV-39770,BANK-0899
B00529,2026-07-02,16886.15,PAYMENT LAKESIDE PROPERTY MGMT REF INV-84976,Lakeside Property Mgmt,INV-84976,BANK-0900
B00256,2026-06-16,802.55,PAYMENT FOXGLOVE DESIGN CO REF INV-60181,Foxglove Design Co,INV-60181,BANK-0901
B00162,2026-05-16,5626.34,PAYMENT MARROW FITNESS STUDIOS REF INV-69609,Marrow Fitness Studios,INV-69609,BANK-0902
B01067,2026-07-12,243.81,TRANSFER FROM IVY & OAK PRINT SHOP,Ivy & Oak Print Shop,,BANK-0903
B00085,2026-05-17,4091.64,PAYMENT VANTERRA CHEMICALS REF INV-91560,Vanterra Chemicals,INV-91560,BANK-0904
B00590,2026-07-24,3597.09,PAYMENT VANTERRA CHEMICALS REF INV-42581,Vanterra Chemicals,INV-42581,BANK-0905
B00322,2026-06-27,40431.68,PAYMENT PINEHILL DISTRIBUTORS REF INV-79228,Pinehill Distributors,INV-79228,BANK-0906
B00313,2026-06-02,37900.37,PAYMENT MERIDIAN SOFTWARE INC REF INV-34405,Meridian Software Inc,INV-34405,BANK-0907
B00644,2026-06-14,18711.1,PAYMENT COBALT FREIGHT LINES REF INV-37752,Cobalt Freight Lines,INV-37752,BANK-0908
B00205,2026-05-22,1896.24,PAYMENT FENWICK OFFICE SOLUTIONS REF INV-20011,Fenwick Office Solutions,INV-20011,BANK-0909
B00411,2026-06-27,2703.39,PAYMENT LUMEN ENERGY SERVICES REF INV-91187,Lumen Energy Services,INV-91187,BANK-0910
B00004,2026-07-29,315.17,PAYMENT FOXGLOVE DESIGN CO REF INV-65392,Foxglove Design Co,INV-65392,BANK-0911
B00140,2026-06-19,2628.39,PAYMENT CEDAR & VINE SUPPLY CO REF INV-96991,Cedar & Vine Supply Co,INV-96991,BANK-0912
B00918,2026-06-08,14338.95,PARTIAL PMT HARBOR STATE INSURANCE REF INV-62509,Harbor State Insurance,INV-62509,BANK-0913
B00811,2026-05-19,232.84,WIRE RECEIVED SOLACE HEALTH SYSTEMS REF INV-70762,Solace Health Systems,INV-70762,BANK-0914
B00455,2026-06-04,402.34,PAYMENT KINGFISHER CABLE CO REF INV-25473,Kingfisher Cable Co,INV-25473,BANK-0915
B00646,2026-07-10,137.45,PAYMENT QUORUM LEGAL ADVISORS REF INV-70458,Quorum Legal Advisors,INV-70458,BANK-0916
B00189,2026-05-15,986.98,PAYMENT HOLLOW CREEK FARMS REF INV-46512,Hollow Creek Farms,INV-46512,BANK-0917
B00919,2026-06-07,1839.2,PARTIAL PMT YELLOWBRICK MEDIA REF INV-94907,Yellowbrick Media,INV-94907,BANK-0918
B00657,2026-06-29,451.15,PAYMENT OAKSTONE REALTY HOLDINGS REF INV-75683,Oakstone Realty Holdings,INV-75683,BANK-0919
B00054,2026-06-15,116.64,PAYMENT MARROW FITNESS STUDIOS REF INV-37535,Marrow Fitness Studios,INV-37535,BANK-0920
B00781,2026-07-21,301.68,PAYMENT HOLLOW CREEK FARMS REF INV-42275,Hollow Creek Farms,INV-42275,BANK-0921
B00029,2026-06-12,81.95,PAYMENT AURORA TEXTILES LTD REF INV-19287,Aurora Textiles Ltd,INV-19287,BANK-0922
B00712,2026-06-13,325.75,PAYMENT YELLOWBRICK MEDIA REF INV-90358,Yellowbrick Media,INV-90358,BANK-0923
B00465,2026-07-09,258.77,PAYMENT PINEHILL DISTRIBUTORS REF INV-42129,Pinehill Distributors,INV-42129,BANK-0924
B00335,2026-05-09,394.72,PAYMENT REDSTONE CONTRACTING REF INV-23224,Redstone Contracting,INV-23224,BANK-0925
B00756,2026-08-05,22437.09,PAYMENT EVERLINE MANUFACTURING REF INV-82281,Everline Manufacturing,INV-82281,BANK-0926
B00561,2026-06-10,400.52,PAYMENT LUMEN ENERGY SERVICES REF INV-93165,Lumen Energy Services,INV-93165,BANK-0927
B00833,2026-05-25,174.15,WIRE RECEIVED VANTERRA CHEMICALS REF INV-53321,Vanterra Chemicals,INV-53321,BANK-0928
B00747,2026-05-04,125.31,PAYMENT AURORA TEXTILES LTD REF INV-86162,Aurora Textiles Ltd,INV-86162,BANK-0929
B00617,2026-06-06,40857.51,PAYMENT MARROW FITNESS STUDIOS REF INV-97096,Marrow Fitness Studios,INV-97096,BANK-0930
B00431,2026-05-26,1210.93,PAYMENT HARBOR STATE INSURANCE REF INV-27290,Harbor State Insurance,INV-27290,BANK-0931
B00361,2026-05-14,57.71,PAYMENT SOLACE HEALTH SYSTEMS REF INV-22624,Solace Health Systems,INV-22624,BANK-0932
B00068,2026-06-06,2327.34,PAYMENT REDSTONE CONTRACTING REF INV-37549,Redstone Contracting,INV-37549,BANK-0933
B00519,2026-05-30,29365.21,PAYMENT GRANITE POINT CONSULTING REF INV-82561,Granite Point Consulting,INV-82561,BANK-0934
B00268,2026-05-16,395.5,PAYMENT LUMEN ENERGY SERVICES REF INV-77908,Lumen Energy Services,INV-77908,BANK-0935
B00716,2026-07-16,45197.17,PAYMENT LUMEN ENERGY SERVICES REF INV-51383,Lumen Energy Services,INV-51383,BANK-0936
B00967,2026-06-24,17562.69,PAYMENT NORTHFIELD PACKAGING REF INV-42329,Northfield Packaging,INV-42329,BANK-0937
B00845,2026-06-10,1433.18,WIRE RECEIVED TRAILMARK EQUIPMENT RENTAL REF INV-67817,Trailmark Equipment Rental,INV-67817,BANK-0938
B00103,2026-07-02,36077.42,PAYMENT DRIFTWOOD CAFÉ GROUP REF INV-68743,Driftwood Café Group,INV-68743,BANK-0939
B00840,2026-06-26,153.9,WIRE RECEIVED KINGFISHER CABLE CO REF INV-76321,Kingfisher Cable Co,INV-76321,BANK-0940
B00941,2026-07-15,4203.7,PARTIAL PMT FENWICK OFFICE SOLUTIONS REF INV-47189,Fenwick Office Solutions,INV-47189,BANK-0941
B00898,2026-05-29,1716.04,PARTIAL PMT AURORA TEXTILES LTD REF INV-47132,Aurora Textiles Ltd,INV-47132,BANK-0942
B00433,2026-07-20,4567.1,PAYMENT FENWICK OFFICE SOLUTIONS REF INV-50043,Fenwick Office Solutions,INV-50043,BANK-0943
B00735,2026-06-27,37172.21,PAYMENT MARROW FITNESS STUDIOS REF INV-38913,Marrow Fitness Studios,INV-38913,BANK-0944
B00341,2026-07-25,20498.67,PAYMENT EMBERLINE FOODS REF INV-59958,Emberline Foods,INV-59958,BANK-0945
B01012,2026-06-08,2885.75,PAYMENT ORCHARD GROVE BAKERY REF INV-84350 (DUP),Orchard Grove Bakery,INV-84350,BANK-0946
B00423,2026-07-29,463.45,PAYMENT DRIFTWOOD CAFÉ GROUP REF INV-27392,Driftwood Café Group,INV-27392,BANK-0947
B00755,2026-07-24,1334.9,PAYMENT JASPER METALS CORP REF INV-52034,Jasper Metals Corp,INV-52034,BANK-0948
B00483,2026-06-05,222.23,PAYMENT BLUEPEAK LOGISTICS REF INV-46681,Bluepeak Logistics,INV-46681,BANK-0949
B00504,2026-06-27,3515.11,PAYMENT FENWICK OFFICE SOLUTIONS REF INV-11493,Fenwick Office Solutions,INV-11493,BANK-0950
B01046,2026-05-16,69.48,PAYMENT QUORUM LEGAL ADVISORS REF INV-8,,INV-88878,BANK-0951
B00974,2026-06-27,289.0,PAYMENT EMBERLINE FOODS REF INV-74918 (DUP),Emberline Foods,INV-74918,BANK-0952
B00083,2026-07-08,1843.76,PAYMENT AURORA TEXTILES LTD REF INV-81582,Aurora Textiles Ltd,INV-81582,BANK-0953
B00988,2026-07-26,46950.95,PAYMENT FENWICK OFFICE SOLUTIONS REF INV-57708 (DUP),Fenwick Office Solutions,INV-57708,BANK-0954
B00281,2026-06-20,260.07,PAYMENT JASPER METALS CORP REF INV-76249,Jasper Metals Corp,INV-76249,BANK-0955
B00035,2026-07-09,9405.89,PAYMENT FOXGLOVE DESIGN CO REF INV-11934,Foxglove Design Co,INV-11934,BANK-0956
B00809,2026-06-20,80.07,WIRE RECEIVED KINGFISHER CABLE CO REF INV-15144,Kingfisher Cable Co,INV-15144,BANK-0957
B00417,2026-06-01,9608.74,PAYMENT FOXGLOVE DESIGN CO REF INV-49021,Foxglove Design Co,INV-49021,BANK-0958
B00660,2026-07-02,381.16,PAYMENT JUNCTION ANALYTICS REF INV-40375,Junction Analytics,INV-40375,BANK-0959
B00786,2026-05-09,4670.28,PAYMENT PINEHILL DISTRIBUTORS REF INV-24585,Pinehill Distributors,INV-24585,BANK-0960
B00992,2026-06-12,367.19,PAYMENT MARROW FITNESS STUDIOS REF INV-41278 (DUP),Marrow Fitness Studios,INV-41278,BANK-0961
B01037,2026-06-15,21252.36,PAYM IRON MATE REF INV-,,,BANK-0962
B00325,2026-05-08,2699.73,PAYMENT NORTHFIELD PACKAGING REF INV-69432,Northfield Packaging,INV-69432,BANK-0963
B00647,2026-07-14,82.92,PAYMENT MARROW FITNESS STUDIOS REF INV-73857,Marrow Fitness Studios,INV-73857,BANK-0964
B00450,2026-05-20,118.71,PAYMENT REDSTONE CONTRACTING REF INV-80305,Redstone Contracting,INV-80305,BANK-0965
B00938,2026-06-18,15014.29,PARTIAL PMT EVERLINE MANUFACTURING REF INV-82536,Everline Manufacturing,INV-82536,BANK-0966
B00165,2026-06-22,36548.47,PAYMENT EVERLINE MANUFACTURING REF INV-25292,Everline Manufacturing,INV-25292,BANK-0967
B00912,2026-05-03,1966.88,PARTIAL PMT CEDAR & VINE SUPPLY CO REF INV-75234,Cedar & Vine Supply Co,INV-75234,BANK-0968
B00881,2026-07-02,134.11,PARTIAL PMT FOXGLOVE DESIGN CO REF INV-33699,Foxglove Design Co,INV-33699,BANK-0969
B00216,2026-06-19,3244.12,PAYMENT FOXGLOVE DESIGN CO REF INV-63578,Foxglove Design Co,INV-63578,BANK-0970
B00305,2026-07-07,15910.61,PAYMENT GRANITE POINT CONSULTING REF INV-39579,Granite Point Consulting,INV-39579,BANK-0971
B00242,2026-06-19,294.84,PAYMENT KINGFISHER CABLE CO REF INV-71621,Kingfisher Cable Co,INV-71621,BANK-0972
B00775,2026-06-19,66.82,PAYMENT TRAILMARK EQUIPMENT RENTAL REF INV-66925,Trailmark Equipment Rental,INV-66925,BANK-0973
B00843,2026-05-06,244.46,WIRE RECEIVED CEDAR & VINE SUPPLY CO REF INV-87894,Cedar & Vine Supply Co,INV-87894,BANK-0974
B00959,2026-06-15,14242.01,PARTIAL PMT LUMEN ENERGY SERVICES REF INV-45349,Lumen Energy Services,INV-45349,BANK-0975
B00093,2026-06-18,19038.08,PAYMENT TRAILMARK EQUIPMENT RENTAL REF INV-61990,Trailmark Equipment Rental,INV-61990,BANK-0976
B00309,2026-05-23,154.5,PAYMENT NIGHTSHADE SECURITY REF INV-64773,Nightshade Security,INV-64773,BANK-0977
B00262,2026-06-08,3692.93,PAYMENT UMBRA DIGITAL STUDIO REF INV-30644,Umbra Digital Studio,INV-30644,BANK-0978
B01033,2026-07-21,4060.49,PAYM GLAC POIN BANK REF INV-,,,BANK-0979
B00950,2026-07-03,640.59,PARTIAL PMT RIVERBEND HARDWARE REF INV-33111,Riverbend Hardware,INV-33111,BANK-0980
B00403,2026-07-18,22801.21,PAYMENT LUMEN ENERGY SERVICES REF INV-35863,Lumen Energy Services,INV-35863,BANK-0981
B00932,2026-06-28,80.55,PARTIAL PMT AURORA TEXTILES LTD REF INV-90114,Aurora Textiles Ltd,INV-90114,BANK-0982
B00009,2026-06-17,221.06,PAYMENT GRANITE POINT CONSULTING REF INV-56566,Granite Point Consulting,INV-56566,BANK-0983
B00398,2026-05-11,610.53,PAYMENT JUNCTION ANALYTICS REF INV-25213,Junction Analytics,INV-25213,BANK-0984
B00454,2026-06-14,1117.45,PAYMENT HARBOR STATE INSURANCE REF INV-78551,Harbor State Insurance,INV-78551,BANK-0985
B00879,2026-07-18,1060.38,WIRE RECEIVED SOLACE HEALTH SYSTEMS REF INV-46827,Solace Health Systems,INV-46827,BANK-0986
B00243,2026-06-15,336.05,PAYMENT CEDAR & VINE SUPPLY CO REF INV-18855,Cedar & Vine Supply Co,INV-18855,BANK-0987
B00888,2026-07-11,10173.19,PARTIAL PMT DELTA FREIGHT PARTNERS REF INV-40626,Delta Freight Partners,INV-40626,BANK-0988
B00548,2026-06-13,324.07,PAYMENT PRAIRIE WIND ENERGY REF INV-46239,Prairie Wind Energy,INV-46239,BANK-0989
B00125,2026-07-23,12883.58,PAYMENT RIVERBEND HARDWARE REF INV-67963,Riverbend Hardware,INV-67963,BANK-0990
B00702,2026-07-31,266.89,PAYMENT BLUEPEAK LOGISTICS REF INV-51383,Bluepeak Logistics,INV-51383,BANK-0991
B00832,2026-05-01,18500.09,WIRE RECEIVED SOLACE HEALTH SYSTEMS REF INV-24920,Solace Health Systems,INV-24920,BANK-0992
B00925,2026-05-05,93.59,PARTIAL PMT IVY & OAK PRINT SHOP REF INV-54470,Ivy & Oak Print Shop,INV-54470,BANK-0993
B00372,2026-07-17,2466.9,PAYMENT WESTGATE FACILITIES MGMT REF INV-90460,Westgate Facilities Mgmt,INV-90460,BANK-0994
B00718,2026-06-18,2644.43,PAYMENT NORTHFIELD PACKAGING REF INV-57312,Northfield Packaging,INV-57312,BANK-0995
B00982,2026-07-20,2324.12,PAYMENT IRONWOOD MATERIALS REF INV-70856 (DUP),Ironwood Materials,INV-70856,BANK-0996
B00655,2026-05-05,415.69,PAYMENT BLUEPEAK LOGISTICS REF INV-82298,Bluepeak Logistics,INV-82298,BANK-0997
B00317,2026-06-03,479.32,PAYMENT RIVERBEND HARDWARE REF INV-95679,Riverbend Hardware,INV-95679,BANK-0998
B00394,2026-07-22,99.22,PAYMENT FENWICK OFFICE SOLUTIONS REF INV-90304,Fenwick Office Solutions,INV-90304,BANK-0999
B00566,2026-06-19,151.82,PAYMENT PINEHILL DISTRIBUTORS REF INV-75973,Pinehill Distributors,INV-75973,BANK-1000
B00260,2026-07-02,32534.47,PAYMENT QUORUM LEGAL ADVISORS REF INV-36237,Quorum Legal Advisors,INV-36237,BANK-1001
B00246,2026-05-05,783.95,PAYMENT LUMEN ENERGY SERVICES REF INV-48462,Lumen Energy Services,INV-48462,BANK-1002
B00688,2026-06-21,9512.54,PAYMENT FOXGLOVE DESIGN CO REF INV-54359,Foxglove Design Co,INV-54359,BANK-1003
B00808,2026-07-30,31698.09,WIRE RECEIVED COBALT FREIGHT LINES REF INV-15047,Cobalt Freight Lines,INV-15047,BANK-1004
B00940,2026-06-21,29922.39,PARTIAL PMT ORCHARD GROVE BAKERY REF INV-30677,Orchard Grove Bakery,INV-30677,BANK-1005
B00708,2026-06-14,19193.76,PAYMENT CEDAR & VINE SUPPLY CO REF INV-33969,Cedar & Vine Supply Co,INV-33969,BANK-1006
B00056,2026-05-04,4892.93,PAYMENT PINEHILL DISTRIBUTORS REF INV-33509,Pinehill Distributors,INV-33509,BANK-1007
B00964,2026-07-21,392.15,PAYMENT KESTREL MARKETING GROUP REF INV-90154 (DUP),Kestrel Marketing Group,INV-90154,BANK-1008
B00819,2026-07-15,2935.91,WIRE RECEIVED IVY & OAK PRINT SHOP REF INV-96438,Ivy & Oak Print Shop,INV-96438,BANK-1009
B00679,2026-06-24,6954.72,PAYMENT EMBERLINE FOODS REF INV-40079,Emberline Foods,INV-40079,BANK-1010
B00758,2026-05-29,69.7,PAYMENT EVERLINE MANUFACTURING REF INV-73618,Everline Manufacturing,INV-73618,BANK-1011
B00862,2026-07-27,1803.3,WIRE RECEIVED JUNCTION ANALYTICS REF INV-51497,Junction Analytics,INV-51497,BANK-1012
B00036,2026-07-01,4319.13,PAYMENT FENWICK OFFICE SOLUTIONS REF INV-38016,Fenwick Office Solutions,INV-38016,BANK-1013
B00621,2026-07-05,129.84,PAYMENT FOXGLOVE DESIGN CO REF INV-25643,Foxglove Design Co,INV-25643,BANK-1014
B00927,2026-07-26,1485.78,PARTIAL PMT COBALT FREIGHT LINES REF INV-80328,Cobalt Freight Lines,INV-80328,BANK-1015
B00991,2026-06-12,367.19,PAYMENT MARROW FITNESS STUDIOS REF INV-41278,Marrow Fitness Studios,INV-41278,BANK-1016
B00661,2026-06-16,35086.35,PAYMENT EVERLINE MANUFACTURING REF INV-60868,Everline Manufacturing,INV-60868,BANK-1017
B00022,2026-05-01,40038.19,PAYMENT YELLOWBRICK MEDIA REF INV-88504,Yellowbrick Media,INV-88504,BANK-1018
B00316,2026-05-31,4711.21,PAYMENT IRONWOOD MATERIALS REF INV-68554,Ironwood Materials,INV-68554,BANK-1019
B00842,2026-05-17,41971.9,WIRE RECEIVED UMBRA DIGITAL STUDIO REF INV-36894,Umbra Digital Studio,INV-36894,BANK-1020
B00377,2026-06-04,523.38,PAYMENT YELLOWBRICK MEDIA REF INV-23399,Yellowbrick Media,INV-23399,BANK-1021
B00733,2026-07-07,2611.39,PAYMENT IRONWOOD MATERIALS REF INV-11197,Ironwood Materials,INV-11197,BANK-1022
B00487,2026-06-14,2116.0,PAYMENT ZENITH INDUSTRIAL SUPPLY REF INV-84141,Zenith Industrial Supply,INV-84141,BANK-1023
B00744,2026-06-15,1438.01,PAYMENT KINGFISHER CABLE CO REF INV-92465,Kingfisher Cable Co,INV-92465,BANK-1024
B00297,2026-07-07,3023.99,PAYMENT IRONWOOD MATERIALS REF INV-59391,Ironwood Materials,INV-59391,BANK-1025
B00569,2026-05-03,1241.98,PAYMENT WESTGATE FACILITIES MGMT REF INV-39939,Westgate Facilities Mgmt,INV-39939,BANK-1026
B00505,2026-05-01,144.36,PAYMENT QUORUM LEGAL ADVISORS REF INV-16310,Quorum Legal Advisors,INV-16310,BANK-1027
B00973,2026-06-27,289.0,PAYMENT EMBERLINE FOODS REF INV-74918,Emberline Foods,INV-74918,BANK-1028
B00868,2026-05-03,175.44,WIRE RECEIVED JUNCTION ANALYTICS REF INV-28873,Junction Analytics,INV-28873,BANK-1029
B00649,2026-07-28,2527.91,PAYMENT MERIDIAN SOFTWARE INC REF INV-86568,Meridian Software Inc,INV-86568,BANK-1030
B00232,2026-06-25,393.4,PAYMENT FENWICK OFFICE SOLUTIONS REF INV-22021,Fenwick Office Solutions,INV-22021,BANK-1031
B00768,2026-06-10,37664.05,PAYMENT DRIFTWOOD CAFÉ GROUP REF INV-38039,Driftwood Café Group,INV-38039,BANK-1032
B01005,2026-06-30,181.93,PAYMENT BLUEPEAK LOGISTICS REF INV-55442,Bluepeak Logistics,INV-55442,BANK-1033
B00115,2026-06-09,2492.24,PAYMENT ZENITH INDUSTRIAL SUPPLY REF INV-84531,Zenith Industrial Supply,INV-84531,BANK-1034
B00521,2026-05-05,8552.98,PAYMENT NIGHTSHADE SECURITY REF INV-75811,Nightshade Security,INV-75811,BANK-1035
B00837,2026-07-20,1137.41,WIRE RECEIVED WESTGATE FACILITIES MGMT REF INV-80028,Westgate Facilities Mgmt,INV-80028,BANK-1036
B00901,2026-07-12,22739.68,PARTIAL PMT FENWICK OFFICE SOLUTIONS REF INV-34217,Fenwick Office Solutions,INV-34217,BANK-1037
B00563,2026-07-21,4008.89,PAYMENT IVY & OAK PRINT SHOP REF INV-66283,Ivy & Oak Print Shop,INV-66283,BANK-1038
B00439,2026-06-22,248.04,PAYMENT KESTREL MARKETING GROUP REF INV-90750,Kestrel Marketing Group,INV-90750,BANK-1039
B00359,2026-07-02,46073.82,PAYMENT REDSTONE CONTRACTING REF INV-12061,Redstone Contracting,INV-12061,BANK-1040
B00219,2026-07-23,3486.25,PAYMENT VANTERRA CHEMICALS REF INV-96787,Vanterra Chemicals,INV-96787,BANK-1041
B00296,2026-06-30,23466.98,PAYMENT DRIFTWOOD CAFÉ GROUP REF INV-18163,Driftwood Café Group,INV-18163,BANK-1042
B00447,2026-05-02,479.5,PAYMENT HOLLOW CREEK FARMS REF INV-44365,Hollow Creek Farms,INV-44365,BANK-1043
B00867,2026-06-16,11243.41,WIRE RECEIVED LAKESIDE PROPERTY MGMT REF INV-64687,Lakeside Property Mgmt,INV-64687,BANK-1044
B01057,2026-05-16,2023.84,INTEREST PAYMENT,Yellowbrick Media,,BANK-1045
B00799,2026-07-12,435.64,WIRE RECEIVED KINGFISHER CABLE CO REF INV-30715,Kingfisher Cable Co,INV-30715,BANK-1046
B00675,2026-06-19,3184.4,PAYMENT VANTERRA CHEMICALS REF INV-27329,Vanterra Chemicals,INV-27329,BANK-1047
B00642,2026-07-22,48441.44,PAYMENT JUNCTION ANALYTICS REF INV-58906,Junction Analytics,INV-58906,BANK-1048
B00251,2026-06-07,42005.36,PAYMENT EMBERLINE FOODS REF INV-52101,Emberline Foods,INV-52101,BANK-1049
B00488,2026-05-29,6172.83,PAYMENT JASPER METALS CORP REF INV-13840,Jasper Metals Corp,INV-13840,BANK-1050
B01060,2026-05-30,986.17,INTEREST PAYMENT,Junction Analytics,,BANK-1051
B01017,2026-07-28,48794.27,PAYMENT KESTREL MARKETING GROUP REF INV-97340,Kestrel Marketing Group,INV-97340,BANK-1052
B00516,2026-05-12,2619.25,PAYMENT TRAILMARK EQUIPMENT RENTAL REF INV-94130,Trailmark Equipment Rental,INV-94130,BANK-1053
B00248,2026-06-15,664.79,PAYMENT LAKESIDE PROPERTY MGMT REF INV-16265,Lakeside Property Mgmt,INV-16265,BANK-1054
B01025,2026-05-08,1491.64,PAYMENT COBATL FREIGHT LINES REF INV-89711,,INV-89711,BANK-1055
B00230,2026-06-02,484.82,PAYMENT DRIFTWOOD CAFÉ GROUP REF INV-16839,Driftwood Café Group,INV-16839,BANK-1056
B00484,2026-07-22,447.54,PAYMENT FOXGLOVE DESIGN CO REF INV-48680,Foxglove Design Co,INV-48680,BANK-1057
B00288,2026-05-05,139.58,PAYMENT JUNCTION ANALYTICS REF INV-27961,Junction Analytics,INV-27961,BANK-1058
B00813,2026-05-26,1934.09,WIRE RECEIVED IRONWOOD MATERIALS REF INV-69596,Ironwood Materials,INV-69596,BANK-1059
B00185,2026-05-11,479.12,PAYMENT YELLOWBRICK MEDIA REF INV-22219,Yellowbrick Media,INV-22219,BANK-1060
B00745,2026-07-27,2973.11,PAYMENT CEDAR & VINE SUPPLY CO REF INV-36047,Cedar & Vine Supply Co,INV-36047,BANK-1061
B00834,2026-07-01,441.72,WIRE RECEIVED VANTERRA CHEMICALS REF INV-30366,Vanterra Chemicals,INV-30366,BANK-1062
B00131,2026-06-26,1416.01,PAYMENT FOXGLOVE DESIGN CO REF INV-73532,Foxglove Design Co,INV-73532,BANK-1063
B00611,2026-07-09,48124.69,PAYMENT IRONWOOD MATERIALS REF INV-93476,Ironwood Materials,INV-93476,BANK-1064
B00643,2026-07-13,299.09,PAYMENT AURORA TEXTILES LTD REF INV-88204,Aurora Textiles Ltd,INV-88204,BANK-1065
B00172,2026-06-01,3187.16,PAYMENT NORTHFIELD PACKAGING REF INV-26505,Northfield Packaging,INV-26505,BANK-1066
B00114,2026-05-29,32284.29,PAYMENT PINEHILL DISTRIBUTORS REF INV-78494,Pinehill Distributors,INV-78494,BANK-1067
B00041,2026-05-31,31776.58,PAYMENT JASPER METALS CORP REF INV-62923,Jasper Metals Corp,INV-62923,BANK-1068
B00996,2026-06-05,4540.7,PAYMENT OAKSTONE REALTY HOLDINGS REF INV-17138 (DUP),Oakstone Realty Holdings,INV-17138,BANK-1069
B00087,2026-06-11,2577.64,PAYMENT EMBERLINE FOODS REF INV-37742,Emberline Foods,INV-37742,BANK-1070
